Running Scrapy...
2026-08-29 12:50:02 [scrapy.utils.log] INFO: Scrapy 2.17.0 started (bot: web_scraper)
2026-08-29 12:50:02 [scrapy.utils.log] INFO: Versions:
{'lxml': '6.1.1',
 'libxml2': '2.14.6',
 'cssselect': '1.5.0',
 'parsel': '1.11.0',
 'w3lib': '2.4.1',
 'Twisted': '26.4.0',
 'Python': '3.13.7 (main, Mar  3 2026, 12:19:54) [GCC 15.2.0]',
 'pyOpenSSL': '26.4.0 (OpenSSL 4.0.1 9 Jun 2026)',
 'cryptography': '50.0.0',
 'Platform': 'Linux-6.17.0-41-generic-x86_64-with-glibc2.42'}
2026-08-29 12:50:02 [scrapy.crawler] DEBUG: Using AsyncCrawlerProcess
2026-08-29 12:50:02 [asyncio] DEBUG: Using selector: EpollSelector
2026-08-29 12:50:02 [scrapy.addons] INFO: Enabled addons:
[]
2026-08-29 12:50:02 [scrapy.utils.log] DEBUG: Using reactor: twisted.internet.asyncioreactor.AsyncioSelectorReactor
2026-08-29 12:50:02 [scrapy.utils.log] DEBUG: Using asyncio event loop: asyncio.unix_events._UnixSelectorEventLoop
2026-08-29 12:50:02 [scrapy.extensions.telnet] INFO: Telnet Password: 7a95ca8184478e37
2026-08-29 12:50:02 [scrapy.middleware] INFO: Enabled extensions:
['scrapy.extensions.corestats.CoreStats',
 'scrapy.extensions.logcount.LogCount',
 'scrapy.extensions.telnet.TelnetConsole',
 'scrapy.extensions.memusage.MemoryUsage',
 'scrapy.extensions.logstats.LogStats']
2026-08-29 12:50:02 [scrapy.crawler] INFO: Overridden settings:
{'BOT_NAME': 'web_scraper',
 'CONCURRENT_REQUESTS_PER_DOMAIN': 1,
 'DOWNLOAD_DELAY': 1,
 'FEED_EXPORT_ENCODING': 'utf-8',
 'NEWSPIDER_MODULE': 'web_scraper.spiders',
 'ROBOTSTXT_OBEY': True,
 'SPIDER_MODULES': ['web_scraper.spiders']}
2026-08-29 12:50:02 [scrapy.middleware] INFO: Enabled downloader middlewares:
['scrapy.downloadermiddlewares.offsite.OffsiteMiddleware',
 'scrapy.downloadermiddlewares.robotstxt.RobotsTxtMiddleware',
 'scrapy.downloadermiddlewares.httpauth.HttpAuthMiddleware',
 'scrapy.downloadermiddlewares.downloadtimeout.DownloadTimeoutMiddleware',
 'scrapy.downloadermiddlewares.defaultheaders.DefaultHeadersMiddleware',
 'scrapy.downloadermiddlewares.useragent.UserAgentMiddleware',
 'scrapy.downloadermiddlewares.retry.RetryMiddleware',
 'scrapy.downloadermiddlewares.redirect.MetaRefreshMiddleware',
 'scrapy.downloadermiddlewares.httpcompression.HttpCompressionMiddleware',
 'scrapy.downloadermiddlewares.redirect.RedirectMiddleware',
 'scrapy.downloadermiddlewares.cookies.CookiesMiddleware',
 'scrapy.downloadermiddlewares.httpproxy.HttpProxyMiddleware',
 'scrapy.downloadermiddlewares.stats.DownloaderStats']
2026-08-29 12:50:02 [scrapy.middleware] INFO: Enabled spider middlewares:
['scrapy.spidermiddlewares.start.StartSpiderMiddleware',
 'scrapy.spidermiddlewares.httperror.HttpErrorMiddleware',
 'scrapy.spidermiddlewares.referer.RefererMiddleware',
 'scrapy.spidermiddlewares.urllength.UrlLengthMiddleware',
 'scrapy.spidermiddlewares.depth.DepthMiddleware']
2026-08-29 12:50:02 [scrapy.middleware] INFO: Enabled item pipelines:
['web_scraper.pipelines.WebScraperPipeline']
2026-08-29 12:50:02 [py.warnings] WARNING: /home/pc/Documents/web scrapy/web_scraper/.venv/lib/python3.13/site-packages/scrapy/pipelines/__init__.py:43: ScrapyDeprecationWarning: WebScraperPipeline.open_spider() requires a spider argument, this is deprecated and the argument will not be passed in future Scrapy versions. If you need to access the spider instance you can save the crawler instance passed to from_crawler() and use its spider attribute.
  self._check_mw_method_spider_arg(mw.open_spider)

2026-08-29 12:50:02 [py.warnings] WARNING: /home/pc/Documents/web scrapy/web_scraper/.venv/lib/python3.13/site-packages/scrapy/pipelines/__init__.py:46: ScrapyDeprecationWarning: WebScraperPipeline.close_spider() requires a spider argument, this is deprecated and the argument will not be passed in future Scrapy versions. If you need to access the spider instance you can save the crawler instance passed to from_crawler() and use its spider attribute.
  self._check_mw_method_spider_arg(mw.close_spider)

2026-08-29 12:50:02 [py.warnings] WARNING: /home/pc/Documents/web scrapy/web_scraper/.venv/lib/python3.13/site-packages/scrapy/pipelines/__init__.py:49: ScrapyDeprecationWarning: WebScraperPipeline.process_item() requires a spider argument, this is deprecated and the argument will not be passed in future Scrapy versions. If you need to access the spider instance you can save the crawler instance passed to from_crawler() and use its spider attribute.
  self._check_mw_method_spider_arg(mw.process_item)

2026-08-29 12:50:02 [scrapy.core.engine] INFO: Spider opened
2026-08-29 12:50:02 [scrapy.extensions.logstats] INFO: Crawled 0 pages (at 0 pages/min), scraped 0 items (at 0 items/min)
2026-08-29 12:50:02 [scrapy.extensions.telnet] INFO: Telnet console listening on 127.0.0.1:6023
2026-08-29 12:50:05 [scrapy.core.engine] DEBUG: Crawled (404) <GET https://call2.tgju.org/robots.txt> (referer: None)
2026-08-29 12:50:05 [protego._protego] DEBUG: Rule at line 2 without any user agent to enforce it on.
2026-08-29 12:50:05 [protego._protego] DEBUG: Rule at line 6 without any user agent to enforce it on.
2026-08-29 12:50:07 [scrapy.core.engine] DEBUG: Crawled (200) <GET https://call2.tgju.org/ajax.json?rev=Yt2ebnCSHS0J1dKrN7wGxtpR3g9t28WVgweDXFYgrGTcBEbsXyxKgBnDEcHq> (referer: None)
2026-08-29 12:50:07 [scrapy.core.scraper] DEBUG: Scraped from <200 https://call2.tgju.org/ajax.json?rev=Yt2ebnCSHS0J1dKrN7wGxtpR3g9t28WVgweDXFYgrGTcBEbsXyxKgBnDEcHq>
{'coin': '2,170,050,000',
 'gold_18k': '218,720,000',
 'ons_gold': '4,454.08',
 'silver': '4,541,900',
 'timestamp': '2026-08-29  12:50:07'}
2026-08-29 12:50:07 [scrapy.core.engine] INFO: Closing spider (finished)
2026-08-29 12:50:07 [scrapy.statscollectors] INFO: Dumping Scrapy stats:
{'downloader/request_bytes': 514,
 'downloader/request_count': 2,
 'downloader/request_method_count/GET': 2,
 'downloader/response_bytes': 25120,
 'downloader/response_count': 2,
 'downloader/response_status_count/200': 1,
 'downloader/response_status_count/404': 1,
 'elapsed_time_seconds': 5.248528718999296,
 'finish_reason': 'finished',
 'finish_time': datetime.datetime(2026, 8, 29, 9, 20, 7, 708076, tzinfo=datetime.timezone.utc),
 'httpcompression/response_bytes': 147909,
 'httpcompression/response_count': 2,
 'item_scraped_count': 1,
 'items_per_minute': 12.0,
 'log_count/DEBUG': 5,
 'log_count/INFO': 3,
 'memusage/max': 71651328,
 'memusage/startup': 71651328,
 'response_received_count': 2,
 'responses_per_minute': 24.0,
 'robotstxt/request_count': 1,
 'robotstxt/response_count': 1,
 'robotstxt/response_status_count/404': 1,
 'scheduler/dequeued': 1,
 'scheduler/dequeued/memory': 1,
 'scheduler/enqueued': 1,
 'scheduler/enqueued/memory': 1,
 'start_time': datetime.datetime(2026, 8, 29, 9, 20, 2, 459554, tzinfo=datetime.timezone.utc)}
2026-08-29 12:50:07 [scrapy.core.engine] INFO: Spider closed (finished)
Running cleaning...
<class 'pandas.DataFrame'>
RangeIndex: 6 entries, 0 to 5
Data columns (total 5 columns):
 #   Column     Non-Null Count  Dtype
---  ------     --------------  -----
 0   timestamp  6 non-null      str  
 1   gold_18k   6 non-null      str  
 2   ons_gold   6 non-null      str  
 3   silver     6 non-null      str  
 4   coin       6 non-null      str  
dtypes: str(5)
memory usage: 372.0 bytes
              timestamp     gold_18k  ons_gold     silver           coin
0  2026-08-29  11:08:52  217,464,000  4,454.08  4,598,700  2,160,100,000
1  2026-08-29  11:23:32  217,464,000  4,454.08  4,598,700  2,160,100,000
2  2026-08-29  11:43:33  217,464,000  4,454.08  4,598,700  2,160,100,000
3  2026-08-29  12:10:12  218,720,000  4,454.08  4,541,900  2,170,050,000
4  2026-08-29  12:49:05  218,720,000  4,454.08  4,541,900  2,170,050,000
<class 'pandas.DataFrame'>
RangeIndex: 6 entries, 0 to 5
Data columns (total 5 columns):
 #   Column     Non-Null Count  Dtype  
---  ------     --------------  -----  
 0   timestamp  6 non-null      str    
 1   gold_18k   6 non-null      str    
 2   ons_gold   6 non-null      float64
 3   silver     6 non-null      str    
 4   coin       6 non-null      str    
dtypes: float64(1), str(4)
memory usage: 372.0 bytes
None
<class 'pandas.DataFrame'>
RangeIndex: 6 entries, 0 to 5
Data columns (total 5 columns):
 #   Column     Non-Null Count  Dtype  
---  ------     --------------  -----  
 0   timestamp  6 non-null      str    
 1   gold_18k   6 non-null      str    
 2   ons_gold   6 non-null      float64
 3   silver     6 non-null      int64  
 4   coin       6 non-null      str    
dtypes: float64(1), int64(1), str(3)
memory usage: 372.0 bytes
None
<class 'pandas.DataFrame'>
RangeIndex: 6 entries, 0 to 5
Data columns (total 5 columns):
 #   Column     Non-Null Count  Dtype  
---  ------     --------------  -----  
 0   timestamp  6 non-null      str    
 1   gold_18k   6 non-null      str    
 2   ons_gold   6 non-null      float64
 3   silver     6 non-null      int64  
 4   coin       6 non-null      int64  
dtypes: float64(1), int64(2), str(2)
memory usage: 372.0 bytes
None
<class 'pandas.DataFrame'>
RangeIndex: 6 entries, 0 to 5
Data columns (total 5 columns):
 #   Column     Non-Null Count  Dtype  
---  ------     --------------  -----  
 0   timestamp  6 non-null      str    
 1   gold_18k   6 non-null      int64  
 2   ons_gold   6 non-null      float64
 3   silver     6 non-null      int64  
 4   coin       6 non-null      int64  
dtypes: float64(1), int64(3), str(1)
memory usage: 372.0 bytes
None
<class 'pandas.DataFrame'>
RangeIndex: 6 entries, 0 to 5
Data columns (total 5 columns):
 #   Column     Non-Null Count  Dtype         
---  ------     --------------  -----         
 0   timestamp  6 non-null      datetime64[us]
 1   gold_18k   6 non-null      int64         
 2   ons_gold   6 non-null      float64       
 3   silver     6 non-null      int64         
 4   coin       6 non-null      int64         
dtypes: datetime64[us](1), float64(1), int64(3)
memory usage: 372.0 bytes
            timestamp   gold_18k  ons_gold   silver        coin
0 2026-08-29 11:08:52  217464000   4454.08  4598700  2160100000
1 2026-08-29 11:23:32  217464000   4454.08  4598700  2160100000
2 2026-08-29 11:43:33  217464000   4454.08  4598700  2160100000
3 2026-08-29 12:10:12  218720000   4454.08  4541900  2170050000
4 2026-08-29 12:49:05  218720000   4454.08  4541900  2170050000
DONE
Running Scrapy...
2026-08-29 13:00:02 [scrapy.utils.log] INFO: Scrapy 2.17.0 started (bot: web_scraper)
2026-08-29 13:00:02 [scrapy.utils.log] INFO: Versions:
{'lxml': '6.1.1',
 'libxml2': '2.14.6',
 'cssselect': '1.5.0',
 'parsel': '1.11.0',
 'w3lib': '2.4.1',
 'Twisted': '26.4.0',
 'Python': '3.13.7 (main, Mar  3 2026, 12:19:54) [GCC 15.2.0]',
 'pyOpenSSL': '26.4.0 (OpenSSL 4.0.1 9 Jun 2026)',
 'cryptography': '50.0.0',
 'Platform': 'Linux-6.17.0-41-generic-x86_64-with-glibc2.42'}
2026-08-29 13:00:02 [scrapy.crawler] DEBUG: Using AsyncCrawlerProcess
2026-08-29 13:00:02 [asyncio] DEBUG: Using selector: EpollSelector
2026-08-29 13:00:02 [scrapy.addons] INFO: Enabled addons:
[]
2026-08-29 13:00:02 [scrapy.utils.log] DEBUG: Using reactor: twisted.internet.asyncioreactor.AsyncioSelectorReactor
2026-08-29 13:00:02 [scrapy.utils.log] DEBUG: Using asyncio event loop: asyncio.unix_events._UnixSelectorEventLoop
2026-08-29 13:00:02 [scrapy.extensions.telnet] INFO: Telnet Password: 6840f56529828918
2026-08-29 13:00:02 [scrapy.middleware] INFO: Enabled extensions:
['scrapy.extensions.corestats.CoreStats',
 'scrapy.extensions.logcount.LogCount',
 'scrapy.extensions.telnet.TelnetConsole',
 'scrapy.extensions.memusage.MemoryUsage',
 'scrapy.extensions.logstats.LogStats']
2026-08-29 13:00:02 [scrapy.crawler] INFO: Overridden settings:
{'BOT_NAME': 'web_scraper',
 'CONCURRENT_REQUESTS_PER_DOMAIN': 1,
 'DOWNLOAD_DELAY': 1,
 'FEED_EXPORT_ENCODING': 'utf-8',
 'NEWSPIDER_MODULE': 'web_scraper.spiders',
 'ROBOTSTXT_OBEY': True,
 'SPIDER_MODULES': ['web_scraper.spiders']}
2026-08-29 13:00:02 [scrapy.middleware] INFO: Enabled downloader middlewares:
['scrapy.downloadermiddlewares.offsite.OffsiteMiddleware',
 'scrapy.downloadermiddlewares.robotstxt.RobotsTxtMiddleware',
 'scrapy.downloadermiddlewares.httpauth.HttpAuthMiddleware',
 'scrapy.downloadermiddlewares.downloadtimeout.DownloadTimeoutMiddleware',
 'scrapy.downloadermiddlewares.defaultheaders.DefaultHeadersMiddleware',
 'scrapy.downloadermiddlewares.useragent.UserAgentMiddleware',
 'scrapy.downloadermiddlewares.retry.RetryMiddleware',
 'scrapy.downloadermiddlewares.redirect.MetaRefreshMiddleware',
 'scrapy.downloadermiddlewares.httpcompression.HttpCompressionMiddleware',
 'scrapy.downloadermiddlewares.redirect.RedirectMiddleware',
 'scrapy.downloadermiddlewares.cookies.CookiesMiddleware',
 'scrapy.downloadermiddlewares.httpproxy.HttpProxyMiddleware',
 'scrapy.downloadermiddlewares.stats.DownloaderStats']
2026-08-29 13:00:02 [scrapy.middleware] INFO: Enabled spider middlewares:
['scrapy.spidermiddlewares.start.StartSpiderMiddleware',
 'scrapy.spidermiddlewares.httperror.HttpErrorMiddleware',
 'scrapy.spidermiddlewares.referer.RefererMiddleware',
 'scrapy.spidermiddlewares.urllength.UrlLengthMiddleware',
 'scrapy.spidermiddlewares.depth.DepthMiddleware']
2026-08-29 13:00:02 [scrapy.middleware] INFO: Enabled item pipelines:
['web_scraper.pipelines.WebScraperPipeline']
2026-08-29 13:00:02 [py.warnings] WARNING: /home/pc/Documents/web scrapy/web_scraper/.venv/lib/python3.13/site-packages/scrapy/pipelines/__init__.py:43: ScrapyDeprecationWarning: WebScraperPipeline.open_spider() requires a spider argument, this is deprecated and the argument will not be passed in future Scrapy versions. If you need to access the spider instance you can save the crawler instance passed to from_crawler() and use its spider attribute.
  self._check_mw_method_spider_arg(mw.open_spider)

2026-08-29 13:00:02 [py.warnings] WARNING: /home/pc/Documents/web scrapy/web_scraper/.venv/lib/python3.13/site-packages/scrapy/pipelines/__init__.py:46: ScrapyDeprecationWarning: WebScraperPipeline.close_spider() requires a spider argument, this is deprecated and the argument will not be passed in future Scrapy versions. If you need to access the spider instance you can save the crawler instance passed to from_crawler() and use its spider attribute.
  self._check_mw_method_spider_arg(mw.close_spider)

2026-08-29 13:00:02 [py.warnings] WARNING: /home/pc/Documents/web scrapy/web_scraper/.venv/lib/python3.13/site-packages/scrapy/pipelines/__init__.py:49: ScrapyDeprecationWarning: WebScraperPipeline.process_item() requires a spider argument, this is deprecated and the argument will not be passed in future Scrapy versions. If you need to access the spider instance you can save the crawler instance passed to from_crawler() and use its spider attribute.
  self._check_mw_method_spider_arg(mw.process_item)

2026-08-29 13:00:02 [scrapy.core.engine] INFO: Spider opened
2026-08-29 13:00:02 [scrapy.extensions.logstats] INFO: Crawled 0 pages (at 0 pages/min), scraped 0 items (at 0 items/min)
2026-08-29 13:00:02 [scrapy.extensions.telnet] INFO: Telnet console listening on 127.0.0.1:6023
2026-08-29 13:01:02 [scrapy.extensions.logstats] INFO: Crawled 0 pages (at 0 pages/min), scraped 0 items (at 0 items/min)
2026-08-29 13:02:02 [scrapy.extensions.logstats] INFO: Crawled 0 pages (at 0 pages/min), scraped 0 items (at 0 items/min)
2026-08-29 13:03:02 [scrapy.extensions.logstats] INFO: Crawled 0 pages (at 0 pages/min), scraped 0 items (at 0 items/min)
2026-08-29 13:03:02 [scrapy.downloadermiddlewares.retry] DEBUG: Retrying <GET https://call2.tgju.org/robots.txt> (failed 1 times): Getting https://call2.tgju.org/robots.txt took longer than 180.0 seconds.
2026-08-29 13:04:02 [scrapy.extensions.logstats] INFO: Crawled 0 pages (at 0 pages/min), scraped 0 items (at 0 items/min)
2026-08-29 13:05:02 [scrapy.extensions.logstats] INFO: Crawled 0 pages (at 0 pages/min), scraped 0 items (at 0 items/min)
2026-08-29 13:06:02 [scrapy.extensions.logstats] INFO: Crawled 0 pages (at 0 pages/min), scraped 0 items (at 0 items/min)
2026-08-29 13:06:02 [scrapy.downloadermiddlewares.retry] DEBUG: Retrying <GET https://call2.tgju.org/robots.txt> (failed 2 times): Getting https://call2.tgju.org/robots.txt took longer than 180.0 seconds.
2026-08-29 13:07:02 [scrapy.extensions.logstats] INFO: Crawled 0 pages (at 0 pages/min), scraped 0 items (at 0 items/min)
2026-08-29 13:08:02 [scrapy.extensions.logstats] INFO: Crawled 0 pages (at 0 pages/min), scraped 0 items (at 0 items/min)
2026-08-29 13:09:02 [scrapy.extensions.logstats] INFO: Crawled 0 pages (at 0 pages/min), scraped 0 items (at 0 items/min)
2026-08-29 13:09:02 [scrapy.downloadermiddlewares.retry] ERROR: Gave up retrying <GET https://call2.tgju.org/robots.txt> (failed 3 times): Getting https://call2.tgju.org/robots.txt took longer than 180.0 seconds.
2026-08-29 13:09:02 [scrapy.downloadermiddlewares.robotstxt] ERROR: Error downloading <GET https://call2.tgju.org/ajax.json?rev=Yt2ebnCSHS0J1dKrN7wGxtpR3g9t28WVgweDXFYgrGTcBEbsXyxKgBnDEcHq>: Getting https://call2.tgju.org/robots.txt took longer than 180.0 seconds.
Traceback (most recent call last):
  File "/home/pc/Documents/web scrapy/web_scraper/.venv/lib/python3.13/site-packages/scrapy/downloadermiddlewares/robotstxt.py", line 100, in robot_parser
    resp = await self.crawler.engine.download_async(robotsreq)
           ^^^^^^^^^^^^^^^^^^^^^^^^^^^^^^^^^^^^^^^^^^^^^^^^^^^
  File "/home/pc/Documents/web scrapy/web_scraper/.venv/lib/python3.13/site-packages/scrapy/core/engine.py", line 481, in download_async
    return await self.download_async(response_or_request)
           ^^^^^^^^^^^^^^^^^^^^^^^^^^^^^^^^^^^^^^^^^^^^^^
  File "/home/pc/Documents/web scrapy/web_scraper/.venv/lib/python3.13/site-packages/scrapy/core/engine.py", line 481, in download_async
    return await self.download_async(response_or_request)
           ^^^^^^^^^^^^^^^^^^^^^^^^^^^^^^^^^^^^^^^^^^^^^^
  File "/home/pc/Documents/web scrapy/web_scraper/.venv/lib/python3.13/site-packages/scrapy/core/engine.py", line 474, in download_async
    response_or_request = await maybe_deferred_to_future(
                          ^^^^^^^^^^^^^^^^^^^^^^^^^^^^^^^
        self._download(request)
        ^^^^^^^^^^^^^^^^^^^^^^^
    )
    ^
  File "/home/pc/Documents/web scrapy/web_scraper/.venv/lib/python3.13/site-packages/twisted/internet/defer.py", line 1834, in _inlineCallbacks
    result = context.run(
        cast(Failure, result).throwExceptionIntoGenerator, gen
    )
  File "/home/pc/Documents/web scrapy/web_scraper/.venv/lib/python3.13/site-packages/twisted/python/failure.py", line 467, in throwExceptionIntoGenerator
    return g.throw(self.value.with_traceback(self.tb))
           ~~~~~~~^^^^^^^^^^^^^^^^^^^^^^^^^^^^^^^^^^^^
  File "/home/pc/Documents/web scrapy/web_scraper/.venv/lib/python3.13/site-packages/scrapy/core/engine.py", line 497, in _download
    result = yield self.downloader.fetch(request)
             ^^^^^^^^^^^^^^^^^^^^^^^^^^^^^^^^^^^^
  File "/home/pc/Documents/web scrapy/web_scraper/.venv/lib/python3.13/site-packages/twisted/internet/defer.py", line 1834, in _inlineCallbacks
    result = context.run(
        cast(Failure, result).throwExceptionIntoGenerator, gen
    )
  File "/home/pc/Documents/web scrapy/web_scraper/.venv/lib/python3.13/site-packages/twisted/python/failure.py", line 467, in throwExceptionIntoGenerator
    return g.throw(self.value.with_traceback(self.tb))
           ~~~~~~~^^^^^^^^^^^^^^^^^^^^^^^^^^^^^^^^^^^^
  File "/home/pc/Documents/web scrapy/web_scraper/.venv/lib/python3.13/site-packages/scrapy/core/downloader/__init__.py", line 131, in fetch
    result: Response | Request = yield (
                                 ^^^^^^^
    ...<3 lines>...
    )
    ^
  File "/home/pc/Documents/web scrapy/web_scraper/.venv/lib/python3.13/site-packages/twisted/internet/defer.py", line 1247, in adapt
    extracted: _SelfResultT | Failure = result.result()
                                        ~~~~~~~~~~~~~^^
  File "/home/pc/Documents/web scrapy/web_scraper/.venv/lib/python3.13/site-packages/scrapy/core/downloader/middleware.py", line 87, in download_async
    result = await self._process_exception(ex, request)
             ^^^^^^^^^^^^^^^^^^^^^^^^^^^^^^^^^^^^^^^^^^
  File "/home/pc/Documents/web scrapy/web_scraper/.venv/lib/python3.13/site-packages/scrapy/core/downloader/middleware.py", line 156, in _process_exception
    raise exception
  File "/home/pc/Documents/web scrapy/web_scraper/.venv/lib/python3.13/site-packages/scrapy/core/downloader/middleware.py", line 80, in download_async
    result: Response | Request = await self._process_request(
                                 ^^^^^^^^^^^^^^^^^^^^^^^^^^^^
        request, download_func
        ^^^^^^^^^^^^^^^^^^^^^^
    )
    ^
  File "/home/pc/Documents/web scrapy/web_scraper/.venv/lib/python3.13/site-packages/scrapy/core/downloader/middleware.py", line 114, in _process_request
    return await download_func(request)
           ^^^^^^^^^^^^^^^^^^^^^^^^^^^^
  File "/home/pc/Documents/web scrapy/web_scraper/.venv/lib/python3.13/site-packages/scrapy/core/downloader/__init__.py", line 191, in _enqueue_request
    return await maybe_deferred_to_future(d)  # fired in _wait_for_download()
           ^^^^^^^^^^^^^^^^^^^^^^^^^^^^^^^^^
  File "/home/pc/Documents/web scrapy/web_scraper/.venv/lib/python3.13/site-packages/scrapy/core/downloader/__init__.py", line 258, in _wait_for_download
    response = await self._download(slot, request)
               ^^^^^^^^^^^^^^^^^^^^^^^^^^^^^^^^^^^
  File "/home/pc/Documents/web scrapy/web_scraper/.venv/lib/python3.13/site-packages/scrapy/core/downloader/__init__.py", line 228, in _download
    response: Response = await self.handlers.download_request_async(request)
                         ^^^^^^^^^^^^^^^^^^^^^^^^^^^^^^^^^^^^^^^^^^^^^^^^^^^
  File "/home/pc/Documents/web scrapy/web_scraper/.venv/lib/python3.13/site-packages/scrapy/core/downloader/handlers/__init__.py", line 156, in download_request_async
    return await handler.download_request(request)
           ^^^^^^^^^^^^^^^^^^^^^^^^^^^^^^^^^^^^^^^
  File "/home/pc/Documents/web scrapy/web_scraper/.venv/lib/python3.13/site-packages/scrapy/core/downloader/handlers/http11.py", line 130, in download_request
    return await maybe_deferred_to_future(agent.download_request(request))
           ^^^^^^^^^^^^^^^^^^^^^^^^^^^^^^^^^^^^^^^^^^^^^^^^^^^^^^^^^^^^^^^
  File "/home/pc/Documents/web scrapy/web_scraper/.venv/lib/python3.13/site-packages/twisted/internet/defer.py", line 1082, in _runCallbacks
    current.result = callback(  # type: ignore[misc]
                     ~~~~~~~~^^^^^^^^^^^^^^^^^^^^^^^
        current.result, *args, **kwargs
        ^^^^^^^^^^^^^^^^^^^^^^^^^^^^^^^
    )
    ^
  File "/home/pc/Documents/web scrapy/web_scraper/.venv/lib/python3.13/site-packages/scrapy/core/downloader/handlers/http11.py", line 494, in _cb_timeout
    raise DownloadTimeoutError(f"Getting {url} took longer than {timeout} seconds.")
scrapy.exceptions.DownloadTimeoutError: Getting https://call2.tgju.org/robots.txt took longer than 180.0 seconds.
Running Scrapy...
2026-08-29 13:10:02 [scrapy.utils.log] INFO: Scrapy 2.17.0 started (bot: web_scraper)
2026-08-29 13:10:02 [scrapy.utils.log] INFO: Versions:
{'lxml': '6.1.1',
 'libxml2': '2.14.6',
 'cssselect': '1.5.0',
 'parsel': '1.11.0',
 'w3lib': '2.4.1',
 'Twisted': '26.4.0',
 'Python': '3.13.7 (main, Mar  3 2026, 12:19:54) [GCC 15.2.0]',
 'pyOpenSSL': '26.4.0 (OpenSSL 4.0.1 9 Jun 2026)',
 'cryptography': '50.0.0',
 'Platform': 'Linux-6.17.0-41-generic-x86_64-with-glibc2.42'}
2026-08-29 13:10:02 [scrapy.crawler] DEBUG: Using AsyncCrawlerProcess
2026-08-29 13:10:02 [asyncio] DEBUG: Using selector: EpollSelector
2026-08-29 13:10:02 [scrapy.addons] INFO: Enabled addons:
[]
2026-08-29 13:10:02 [scrapy.utils.log] DEBUG: Using reactor: twisted.internet.asyncioreactor.AsyncioSelectorReactor
2026-08-29 13:10:02 [scrapy.utils.log] DEBUG: Using asyncio event loop: asyncio.unix_events._UnixSelectorEventLoop
2026-08-29 13:10:02 [scrapy.extensions.telnet] INFO: Telnet Password: 38a4a4f08d262258
2026-08-29 13:10:02 [scrapy.middleware] INFO: Enabled extensions:
['scrapy.extensions.corestats.CoreStats',
 'scrapy.extensions.logcount.LogCount',
 'scrapy.extensions.telnet.TelnetConsole',
 'scrapy.extensions.memusage.MemoryUsage',
 'scrapy.extensions.logstats.LogStats']
2026-08-29 13:10:02 [scrapy.crawler] INFO: Overridden settings:
{'BOT_NAME': 'web_scraper',
 'CONCURRENT_REQUESTS_PER_DOMAIN': 1,
 'DOWNLOAD_DELAY': 1,
 'FEED_EXPORT_ENCODING': 'utf-8',
 'NEWSPIDER_MODULE': 'web_scraper.spiders',
 'ROBOTSTXT_OBEY': True,
 'SPIDER_MODULES': ['web_scraper.spiders']}
2026-08-29 13:10:02 [scrapy.extensions.logstats] INFO: Crawled 0 pages (at 0 pages/min), scraped 0 items (at 0 items/min)
2026-08-29 13:10:02 [scrapy.middleware] INFO: Enabled downloader middlewares:
['scrapy.downloadermiddlewares.offsite.OffsiteMiddleware',
 'scrapy.downloadermiddlewares.robotstxt.RobotsTxtMiddleware',
 'scrapy.downloadermiddlewares.httpauth.HttpAuthMiddleware',
 'scrapy.downloadermiddlewares.downloadtimeout.DownloadTimeoutMiddleware',
 'scrapy.downloadermiddlewares.defaultheaders.DefaultHeadersMiddleware',
 'scrapy.downloadermiddlewares.useragent.UserAgentMiddleware',
 'scrapy.downloadermiddlewares.retry.RetryMiddleware',
 'scrapy.downloadermiddlewares.redirect.MetaRefreshMiddleware',
 'scrapy.downloadermiddlewares.httpcompression.HttpCompressionMiddleware',
 'scrapy.downloadermiddlewares.redirect.RedirectMiddleware',
 'scrapy.downloadermiddlewares.cookies.CookiesMiddleware',
 'scrapy.downloadermiddlewares.httpproxy.HttpProxyMiddleware',
 'scrapy.downloadermiddlewares.stats.DownloaderStats']
2026-08-29 13:10:02 [scrapy.middleware] INFO: Enabled spider middlewares:
['scrapy.spidermiddlewares.start.StartSpiderMiddleware',
 'scrapy.spidermiddlewares.httperror.HttpErrorMiddleware',
 'scrapy.spidermiddlewares.referer.RefererMiddleware',
 'scrapy.spidermiddlewares.urllength.UrlLengthMiddleware',
 'scrapy.spidermiddlewares.depth.DepthMiddleware']
2026-08-29 13:10:02 [scrapy.middleware] INFO: Enabled item pipelines:
['web_scraper.pipelines.WebScraperPipeline']
2026-08-29 13:10:02 [py.warnings] WARNING: /home/pc/Documents/web scrapy/web_scraper/.venv/lib/python3.13/site-packages/scrapy/pipelines/__init__.py:43: ScrapyDeprecationWarning: WebScraperPipeline.open_spider() requires a spider argument, this is deprecated and the argument will not be passed in future Scrapy versions. If you need to access the spider instance you can save the crawler instance passed to from_crawler() and use its spider attribute.
  self._check_mw_method_spider_arg(mw.open_spider)

2026-08-29 13:10:02 [py.warnings] WARNING: /home/pc/Documents/web scrapy/web_scraper/.venv/lib/python3.13/site-packages/scrapy/pipelines/__init__.py:46: ScrapyDeprecationWarning: WebScraperPipeline.close_spider() requires a spider argument, this is deprecated and the argument will not be passed in future Scrapy versions. If you need to access the spider instance you can save the crawler instance passed to from_crawler() and use its spider attribute.
  self._check_mw_method_spider_arg(mw.close_spider)

2026-08-29 13:10:02 [py.warnings] WARNING: /home/pc/Documents/web scrapy/web_scraper/.venv/lib/python3.13/site-packages/scrapy/pipelines/__init__.py:49: ScrapyDeprecationWarning: WebScraperPipeline.process_item() requires a spider argument, this is deprecated and the argument will not be passed in future Scrapy versions. If you need to access the spider instance you can save the crawler instance passed to from_crawler() and use its spider attribute.
  self._check_mw_method_spider_arg(mw.process_item)

2026-08-29 13:10:02 [scrapy.core.engine] INFO: Spider opened
2026-08-29 13:10:02 [scrapy.extensions.logstats] INFO: Crawled 0 pages (at 0 pages/min), scraped 0 items (at 0 items/min)
2026-08-29 13:10:02 [scrapy.extensions.telnet] INFO: Telnet console listening on 127.0.0.1:6024
2026-08-29 13:10:02 [scrapy.core.engine] DEBUG: Crawled (404) <GET https://call2.tgju.org/robots.txt> (referer: None)
2026-08-29 13:10:02 [protego._protego] DEBUG: Rule at line 2 without any user agent to enforce it on.
2026-08-29 13:10:02 [protego._protego] DEBUG: Rule at line 6 without any user agent to enforce it on.
2026-08-29 13:10:04 [scrapy.core.engine] DEBUG: Crawled (200) <GET https://call2.tgju.org/ajax.json?rev=Yt2ebnCSHS0J1dKrN7wGxtpR3g9t28WVgweDXFYgrGTcBEbsXyxKgBnDEcHq> (referer: None)
2026-08-29 13:10:04 [scrapy.core.scraper] DEBUG: Scraped from <200 https://call2.tgju.org/ajax.json?rev=Yt2ebnCSHS0J1dKrN7wGxtpR3g9t28WVgweDXFYgrGTcBEbsXyxKgBnDEcHq>
{'coin': '2,170,050,000',
 'gold_18k': '218,720,000',
 'ons_gold': '4,454.08',
 'silver': '4,541,900',
 'timestamp': '2026-08-29  13:10:04'}
2026-08-29 13:10:04 [scrapy.core.engine] INFO: Closing spider (finished)
2026-08-29 13:10:04 [scrapy.statscollectors] INFO: Dumping Scrapy stats:
{'downloader/request_bytes': 514,
 'downloader/request_count': 2,
 'downloader/request_method_count/GET': 2,
 'downloader/response_bytes': 25122,
 'downloader/response_count': 2,
 'downloader/response_status_count/200': 1,
 'downloader/response_status_count/404': 1,
 'elapsed_time_seconds': 1.9897307219998766,
 'finish_reason': 'finished',
 'finish_time': datetime.datetime(2026, 8, 29, 9, 40, 4, 309061, tzinfo=datetime.timezone.utc),
 'httpcompression/response_bytes': 147909,
 'httpcompression/response_count': 2,
 'item_scraped_count': 1,
 'items_per_minute': 60.0,
 'log_count/DEBUG': 5,
 'log_count/INFO': 3,
 'memusage/max': 71397376,
 'memusage/startup': 71397376,
 'response_received_count': 2,
 'responses_per_minute': 120.0,
 'robotstxt/request_count': 1,
 'robotstxt/response_count': 1,
 'robotstxt/response_status_count/404': 1,
 'scheduler/dequeued': 1,
 'scheduler/dequeued/memory': 1,
 'scheduler/enqueued': 1,
 'scheduler/enqueued/memory': 1,
 'start_time': datetime.datetime(2026, 8, 29, 9, 40, 2, 319326, tzinfo=datetime.timezone.utc)}
2026-08-29 13:10:04 [scrapy.core.engine] INFO: Spider closed (finished)
Running cleaning...
<class 'pandas.DataFrame'>
RangeIndex: 7 entries, 0 to 6
Data columns (total 5 columns):
 #   Column     Non-Null Count  Dtype
---  ------     --------------  -----
 0   timestamp  7 non-null      str  
 1   gold_18k   7 non-null      str  
 2   ons_gold   7 non-null      str  
 3   silver     7 non-null      str  
 4   coin       7 non-null      str  
dtypes: str(5)
memory usage: 412.0 bytes
              timestamp     gold_18k  ons_gold     silver           coin
0  2026-08-29  11:08:52  217,464,000  4,454.08  4,598,700  2,160,100,000
1  2026-08-29  11:23:32  217,464,000  4,454.08  4,598,700  2,160,100,000
2  2026-08-29  11:43:33  217,464,000  4,454.08  4,598,700  2,160,100,000
3  2026-08-29  12:10:12  218,720,000  4,454.08  4,541,900  2,170,050,000
4  2026-08-29  12:49:05  218,720,000  4,454.08  4,541,900  2,170,050,000
<class 'pandas.DataFrame'>
RangeIndex: 7 entries, 0 to 6
Data columns (total 5 columns):
 #   Column     Non-Null Count  Dtype  
---  ------     --------------  -----  
 0   timestamp  7 non-null      str    
 1   gold_18k   7 non-null      str    
 2   ons_gold   7 non-null      float64
 3   silver     7 non-null      str    
 4   coin       7 non-null      str    
dtypes: float64(1), str(4)
memory usage: 412.0 bytes
None
<class 'pandas.DataFrame'>
RangeIndex: 7 entries, 0 to 6
Data columns (total 5 columns):
 #   Column     Non-Null Count  Dtype  
---  ------     --------------  -----  
 0   timestamp  7 non-null      str    
 1   gold_18k   7 non-null      str    
 2   ons_gold   7 non-null      float64
 3   silver     7 non-null      int64  
 4   coin       7 non-null      str    
dtypes: float64(1), int64(1), str(3)
memory usage: 412.0 bytes
None
<class 'pandas.DataFrame'>
RangeIndex: 7 entries, 0 to 6
Data columns (total 5 columns):
 #   Column     Non-Null Count  Dtype  
---  ------     --------------  -----  
 0   timestamp  7 non-null      str    
 1   gold_18k   7 non-null      str    
 2   ons_gold   7 non-null      float64
 3   silver     7 non-null      int64  
 4   coin       7 non-null      int64  
dtypes: float64(1), int64(2), str(2)
memory usage: 412.0 bytes
None
<class 'pandas.DataFrame'>
RangeIndex: 7 entries, 0 to 6
Data columns (total 5 columns):
 #   Column     Non-Null Count  Dtype  
---  ------     --------------  -----  
 0   timestamp  7 non-null      str    
 1   gold_18k   7 non-null      int64  
 2   ons_gold   7 non-null      float64
 3   silver     7 non-null      int64  
 4   coin       7 non-null      int64  
dtypes: float64(1), int64(3), str(1)
memory usage: 412.0 bytes
None
<class 'pandas.DataFrame'>
RangeIndex: 7 entries, 0 to 6
Data columns (total 5 columns):
 #   Column     Non-Null Count  Dtype         
---  ------     --------------  -----         
 0   timestamp  7 non-null      datetime64[us]
 1   gold_18k   7 non-null      int64         
 2   ons_gold   7 non-null      float64       
 3   silver     7 non-null      int64         
 4   coin       7 non-null      int64         
dtypes: datetime64[us](1), float64(1), int64(3)
memory usage: 412.0 bytes
            timestamp   gold_18k  ons_gold   silver        coin
0 2026-08-29 11:08:52  217464000   4454.08  4598700  2160100000
1 2026-08-29 11:23:32  217464000   4454.08  4598700  2160100000
2 2026-08-29 11:43:33  217464000   4454.08  4598700  2160100000
3 2026-08-29 12:10:12  218720000   4454.08  4541900  2170050000
4 2026-08-29 12:49:05  218720000   4454.08  4541900  2170050000
DONE
2026-08-29 13:11:02 [scrapy.extensions.logstats] INFO: Crawled 0 pages (at 0 pages/min), scraped 0 items (at 0 items/min)
2026-08-29 13:12:02 [scrapy.extensions.logstats] INFO: Crawled 0 pages (at 0 pages/min), scraped 0 items (at 0 items/min)
2026-08-29 13:12:03 [scrapy.downloadermiddlewares.retry] DEBUG: Retrying <GET https://call2.tgju.org/ajax.json?rev=Yt2ebnCSHS0J1dKrN7wGxtpR3g9t28WVgweDXFYgrGTcBEbsXyxKgBnDEcHq> (failed 1 times): Getting https://call2.tgju.org/ajax.json?rev=Yt2ebnCSHS0J1dKrN7wGxtpR3g9t28WVgweDXFYgrGTcBEbsXyxKgBnDEcHq took longer than 180.0 seconds.
2026-08-29 13:13:02 [scrapy.extensions.logstats] INFO: Crawled 0 pages (at 0 pages/min), scraped 0 items (at 0 items/min)
2026-08-29 13:14:02 [scrapy.extensions.logstats] INFO: Crawled 0 pages (at 0 pages/min), scraped 0 items (at 0 items/min)
2026-08-29 13:15:02 [scrapy.extensions.logstats] INFO: Crawled 0 pages (at 0 pages/min), scraped 0 items (at 0 items/min)
2026-08-29 13:15:03 [scrapy.downloadermiddlewares.retry] DEBUG: Retrying <GET https://call2.tgju.org/ajax.json?rev=Yt2ebnCSHS0J1dKrN7wGxtpR3g9t28WVgweDXFYgrGTcBEbsXyxKgBnDEcHq> (failed 2 times): Getting https://call2.tgju.org/ajax.json?rev=Yt2ebnCSHS0J1dKrN7wGxtpR3g9t28WVgweDXFYgrGTcBEbsXyxKgBnDEcHq took longer than 180.0 seconds.
2026-08-29 13:16:02 [scrapy.extensions.logstats] INFO: Crawled 0 pages (at 0 pages/min), scraped 0 items (at 0 items/min)
2026-08-29 13:17:02 [scrapy.extensions.logstats] INFO: Crawled 0 pages (at 0 pages/min), scraped 0 items (at 0 items/min)
2026-08-29 13:18:02 [scrapy.extensions.logstats] INFO: Crawled 0 pages (at 0 pages/min), scraped 0 items (at 0 items/min)
2026-08-29 13:18:03 [scrapy.downloadermiddlewares.retry] ERROR: Gave up retrying <GET https://call2.tgju.org/ajax.json?rev=Yt2ebnCSHS0J1dKrN7wGxtpR3g9t28WVgweDXFYgrGTcBEbsXyxKgBnDEcHq> (failed 3 times): Getting https://call2.tgju.org/ajax.json?rev=Yt2ebnCSHS0J1dKrN7wGxtpR3g9t28WVgweDXFYgrGTcBEbsXyxKgBnDEcHq took longer than 180.0 seconds.
2026-08-29 13:18:03 [scrapy.core.scraper] ERROR: Error downloading <GET https://call2.tgju.org/ajax.json?rev=Yt2ebnCSHS0J1dKrN7wGxtpR3g9t28WVgweDXFYgrGTcBEbsXyxKgBnDEcHq>
Traceback (most recent call last):
  File "/home/pc/Documents/web scrapy/web_scraper/.venv/lib/python3.13/site-packages/twisted/internet/defer.py", line 1834, in _inlineCallbacks
    result = context.run(
        cast(Failure, result).throwExceptionIntoGenerator, gen
    )
  File "/home/pc/Documents/web scrapy/web_scraper/.venv/lib/python3.13/site-packages/twisted/python/failure.py", line 467, in throwExceptionIntoGenerator
    return g.throw(self.value.with_traceback(self.tb))
           ~~~~~~~^^^^^^^^^^^^^^^^^^^^^^^^^^^^^^^^^^^^
  File "/home/pc/Documents/web scrapy/web_scraper/.venv/lib/python3.13/site-packages/scrapy/core/engine.py", line 497, in _download
    result = yield self.downloader.fetch(request)
             ^^^^^^^^^^^^^^^^^^^^^^^^^^^^^^^^^^^^
  File "/home/pc/Documents/web scrapy/web_scraper/.venv/lib/python3.13/site-packages/twisted/internet/defer.py", line 1834, in _inlineCallbacks
    result = context.run(
        cast(Failure, result).throwExceptionIntoGenerator, gen
    )
  File "/home/pc/Documents/web scrapy/web_scraper/.venv/lib/python3.13/site-packages/twisted/python/failure.py", line 467, in throwExceptionIntoGenerator
    return g.throw(self.value.with_traceback(self.tb))
           ~~~~~~~^^^^^^^^^^^^^^^^^^^^^^^^^^^^^^^^^^^^
  File "/home/pc/Documents/web scrapy/web_scraper/.venv/lib/python3.13/site-packages/scrapy/core/downloader/__init__.py", line 131, in fetch
    result: Response | Request = yield (
                                 ^^^^^^^
    ...<3 lines>...
    )
    ^
  File "/home/pc/Documents/web scrapy/web_scraper/.venv/lib/python3.13/site-packages/twisted/internet/defer.py", line 1247, in adapt
    extracted: _SelfResultT | Failure = result.result()
                                        ~~~~~~~~~~~~~^^
  File "/home/pc/Documents/web scrapy/web_scraper/.venv/lib/python3.13/site-packages/scrapy/core/downloader/middleware.py", line 87, in download_async
    result = await self._process_exception(ex, request)
             ^^^^^^^^^^^^^^^^^^^^^^^^^^^^^^^^^^^^^^^^^^
  File "/home/pc/Documents/web scrapy/web_scraper/.venv/lib/python3.13/site-packages/scrapy/core/downloader/middleware.py", line 156, in _process_exception
    raise exception
  File "/home/pc/Documents/web scrapy/web_scraper/.venv/lib/python3.13/site-packages/scrapy/core/downloader/middleware.py", line 80, in download_async
    result: Response | Request = await self._process_request(
                                 ^^^^^^^^^^^^^^^^^^^^^^^^^^^^
        request, download_func
        ^^^^^^^^^^^^^^^^^^^^^^
    )
    ^
  File "/home/pc/Documents/web scrapy/web_scraper/.venv/lib/python3.13/site-packages/scrapy/core/downloader/middleware.py", line 114, in _process_request
    return await download_func(request)
           ^^^^^^^^^^^^^^^^^^^^^^^^^^^^
  File "/home/pc/Documents/web scrapy/web_scraper/.venv/lib/python3.13/site-packages/scrapy/core/downloader/__init__.py", line 191, in _enqueue_request
    return await maybe_deferred_to_future(d)  # fired in _wait_for_download()
           ^^^^^^^^^^^^^^^^^^^^^^^^^^^^^^^^^
  File "/home/pc/Documents/web scrapy/web_scraper/.venv/lib/python3.13/site-packages/scrapy/core/downloader/__init__.py", line 258, in _wait_for_download
    response = await self._download(slot, request)
               ^^^^^^^^^^^^^^^^^^^^^^^^^^^^^^^^^^^
  File "/home/pc/Documents/web scrapy/web_scraper/.venv/lib/python3.13/site-packages/scrapy/core/downloader/__init__.py", line 228, in _download
    response: Response = await self.handlers.download_request_async(request)
                         ^^^^^^^^^^^^^^^^^^^^^^^^^^^^^^^^^^^^^^^^^^^^^^^^^^^
  File "/home/pc/Documents/web scrapy/web_scraper/.venv/lib/python3.13/site-packages/scrapy/core/downloader/handlers/__init__.py", line 156, in download_request_async
    return await handler.download_request(request)
           ^^^^^^^^^^^^^^^^^^^^^^^^^^^^^^^^^^^^^^^
  File "/home/pc/Documents/web scrapy/web_scraper/.venv/lib/python3.13/site-packages/scrapy/core/downloader/handlers/http11.py", line 130, in download_request
    return await maybe_deferred_to_future(agent.download_request(request))
           ^^^^^^^^^^^^^^^^^^^^^^^^^^^^^^^^^^^^^^^^^^^^^^^^^^^^^^^^^^^^^^^
  File "/home/pc/Documents/web scrapy/web_scraper/.venv/lib/python3.13/site-packages/twisted/internet/defer.py", line 1082, in _runCallbacks
    current.result = callback(  # type: ignore[misc]
                     ~~~~~~~~^^^^^^^^^^^^^^^^^^^^^^^
        current.result, *args, **kwargs
        ^^^^^^^^^^^^^^^^^^^^^^^^^^^^^^^
    )
    ^
  File "/home/pc/Documents/web scrapy/web_scraper/.venv/lib/python3.13/site-packages/scrapy/core/downloader/handlers/http11.py", line 494, in _cb_timeout
    raise DownloadTimeoutError(f"Getting {url} took longer than {timeout} seconds.")
scrapy.exceptions.DownloadTimeoutError: Getting https://call2.tgju.org/ajax.json?rev=Yt2ebnCSHS0J1dKrN7wGxtpR3g9t28WVgweDXFYgrGTcBEbsXyxKgBnDEcHq took longer than 180.0 seconds.
2026-08-29 13:18:03 [scrapy.core.engine] INFO: Closing spider (finished)
2026-08-29 13:18:03 [scrapy.statscollectors] INFO: Dumping Scrapy stats:
{'downloader/exception_count': 6,
 'downloader/exception_type_count/scrapy.exceptions.DownloadTimeoutError': 6,
 'downloader/request_bytes': 1542,
 'downloader/request_count': 6,
 'downloader/request_method_count/GET': 6,
 'elapsed_time_seconds': 1081.3750168759998,
 'finish_reason': 'finished',
 'finish_time': datetime.datetime(2026, 8, 29, 9, 48, 3, 621458, tzinfo=datetime.timezone.utc),
 'items_per_minute': 0.0,
 'log_count/DEBUG': 4,
 'log_count/ERROR': 4,
 'log_count/INFO': 21,
 'memusage/max': 73191424,
 'memusage/startup': 71688192,
 'responses_per_minute': 0.0,
 'retry/count': 4,
 'retry/max_reached': 2,
 'retry/reason_count/scrapy.exceptions.DownloadTimeoutError': 4,
 "robotstxt/exception_count/<class 'scrapy.exceptions.DownloadTimeoutError'>": 1,
 'robotstxt/request_count': 1,
 'scheduler/dequeued': 3,
 'scheduler/dequeued/memory': 3,
 'scheduler/enqueued': 3,
 'scheduler/enqueued/memory': 3,
 'start_time': datetime.datetime(2026, 8, 29, 9, 30, 2, 246442, tzinfo=datetime.timezone.utc)}
2026-08-29 13:18:03 [scrapy.core.engine] INFO: Spider closed (finished)
Running cleaning...
<class 'pandas.DataFrame'>
RangeIndex: 7 entries, 0 to 6
Data columns (total 5 columns):
 #   Column     Non-Null Count  Dtype
---  ------     --------------  -----
 0   timestamp  7 non-null      str  
 1   gold_18k   7 non-null      str  
 2   ons_gold   7 non-null      str  
 3   silver     7 non-null      str  
 4   coin       7 non-null      str  
dtypes: str(5)
memory usage: 412.0 bytes
              timestamp     gold_18k  ons_gold     silver           coin
0  2026-08-29  11:08:52  217,464,000  4,454.08  4,598,700  2,160,100,000
1  2026-08-29  11:23:32  217,464,000  4,454.08  4,598,700  2,160,100,000
2  2026-08-29  11:43:33  217,464,000  4,454.08  4,598,700  2,160,100,000
3  2026-08-29  12:10:12  218,720,000  4,454.08  4,541,900  2,170,050,000
4  2026-08-29  12:49:05  218,720,000  4,454.08  4,541,900  2,170,050,000
<class 'pandas.DataFrame'>
RangeIndex: 7 entries, 0 to 6
Data columns (total 5 columns):
 #   Column     Non-Null Count  Dtype  
---  ------     --------------  -----  
 0   timestamp  7 non-null      str    
 1   gold_18k   7 non-null      str    
 2   ons_gold   7 non-null      float64
 3   silver     7 non-null      str    
 4   coin       7 non-null      str    
dtypes: float64(1), str(4)
memory usage: 412.0 bytes
None
<class 'pandas.DataFrame'>
RangeIndex: 7 entries, 0 to 6
Data columns (total 5 columns):
 #   Column     Non-Null Count  Dtype  
---  ------     --------------  -----  
 0   timestamp  7 non-null      str    
 1   gold_18k   7 non-null      str    
 2   ons_gold   7 non-null      float64
 3   silver     7 non-null      int64  
 4   coin       7 non-null      str    
dtypes: float64(1), int64(1), str(3)
memory usage: 412.0 bytes
None
<class 'pandas.DataFrame'>
RangeIndex: 7 entries, 0 to 6
Data columns (total 5 columns):
 #   Column     Non-Null Count  Dtype  
---  ------     --------------  -----  
 0   timestamp  7 non-null      str    
 1   gold_18k   7 non-null      str    
 2   ons_gold   7 non-null      float64
 3   silver     7 non-null      int64  
 4   coin       7 non-null      int64  
dtypes: float64(1), int64(2), str(2)
memory usage: 412.0 bytes
None
<class 'pandas.DataFrame'>
RangeIndex: 7 entries, 0 to 6
Data columns (total 5 columns):
 #   Column     Non-Null Count  Dtype  
---  ------     --------------  -----  
 0   timestamp  7 non-null      str    
 1   gold_18k   7 non-null      int64  
 2   ons_gold   7 non-null      float64
 3   silver     7 non-null      int64  
 4   coin       7 non-null      int64  
dtypes: float64(1), int64(3), str(1)
memory usage: 412.0 bytes
None
<class 'pandas.DataFrame'>
RangeIndex: 7 entries, 0 to 6
Data columns (total 5 columns):
 #   Column     Non-Null Count  Dtype         
---  ------     --------------  -----         
 0   timestamp  7 non-null      datetime64[us]
 1   gold_18k   7 non-null      int64         
 2   ons_gold   7 non-null      float64       
 3   silver     7 non-null      int64         
 4   coin       7 non-null      int64         
dtypes: datetime64[us](1), float64(1), int64(3)
memory usage: 412.0 bytes
            timestamp   gold_18k  ons_gold   silver        coin
0 2026-08-29 11:08:52  217464000   4454.08  4598700  2160100000
1 2026-08-29 11:23:32  217464000   4454.08  4598700  2160100000
2 2026-08-29 11:43:33  217464000   4454.08  4598700  2160100000
3 2026-08-29 12:10:12  218720000   4454.08  4541900  2170050000
4 2026-08-29 12:49:05  218720000   4454.08  4541900  2170050000
DONE
Running Scrapy...
2026-08-29 13:20:01 [scrapy.utils.log] INFO: Scrapy 2.17.0 started (bot: web_scraper)
2026-08-29 13:20:01 [scrapy.utils.log] INFO: Versions:
{'lxml': '6.1.1',
 'libxml2': '2.14.6',
 'cssselect': '1.5.0',
 'parsel': '1.11.0',
 'w3lib': '2.4.1',
 'Twisted': '26.4.0',
 'Python': '3.13.7 (main, Mar  3 2026, 12:19:54) [GCC 15.2.0]',
 'pyOpenSSL': '26.4.0 (OpenSSL 4.0.1 9 Jun 2026)',
 'cryptography': '50.0.0',
 'Platform': 'Linux-6.17.0-41-generic-x86_64-with-glibc2.42'}
2026-08-29 13:20:01 [scrapy.crawler] DEBUG: Using AsyncCrawlerProcess
2026-08-29 13:20:01 [asyncio] DEBUG: Using selector: EpollSelector
2026-08-29 13:20:01 [scrapy.addons] INFO: Enabled addons:
[]
2026-08-29 13:20:01 [scrapy.utils.log] DEBUG: Using reactor: twisted.internet.asyncioreactor.AsyncioSelectorReactor
2026-08-29 13:20:01 [scrapy.utils.log] DEBUG: Using asyncio event loop: asyncio.unix_events._UnixSelectorEventLoop
2026-08-29 13:20:01 [scrapy.extensions.telnet] INFO: Telnet Password: 3b1038d4f4cd8148
2026-08-29 13:20:01 [scrapy.middleware] INFO: Enabled extensions:
['scrapy.extensions.corestats.CoreStats',
 'scrapy.extensions.logcount.LogCount',
 'scrapy.extensions.telnet.TelnetConsole',
 'scrapy.extensions.memusage.MemoryUsage',
 'scrapy.extensions.logstats.LogStats']
2026-08-29 13:20:01 [scrapy.crawler] INFO: Overridden settings:
{'BOT_NAME': 'web_scraper',
 'CONCURRENT_REQUESTS_PER_DOMAIN': 1,
 'DOWNLOAD_DELAY': 1,
 'FEED_EXPORT_ENCODING': 'utf-8',
 'NEWSPIDER_MODULE': 'web_scraper.spiders',
 'ROBOTSTXT_OBEY': True,
 'SPIDER_MODULES': ['web_scraper.spiders']}
2026-08-29 13:20:01 [scrapy.middleware] INFO: Enabled downloader middlewares:
['scrapy.downloadermiddlewares.offsite.OffsiteMiddleware',
 'scrapy.downloadermiddlewares.robotstxt.RobotsTxtMiddleware',
 'scrapy.downloadermiddlewares.httpauth.HttpAuthMiddleware',
 'scrapy.downloadermiddlewares.downloadtimeout.DownloadTimeoutMiddleware',
 'scrapy.downloadermiddlewares.defaultheaders.DefaultHeadersMiddleware',
 'scrapy.downloadermiddlewares.useragent.UserAgentMiddleware',
 'scrapy.downloadermiddlewares.retry.RetryMiddleware',
 'scrapy.downloadermiddlewares.redirect.MetaRefreshMiddleware',
 'scrapy.downloadermiddlewares.httpcompression.HttpCompressionMiddleware',
 'scrapy.downloadermiddlewares.redirect.RedirectMiddleware',
 'scrapy.downloadermiddlewares.cookies.CookiesMiddleware',
 'scrapy.downloadermiddlewares.httpproxy.HttpProxyMiddleware',
 'scrapy.downloadermiddlewares.stats.DownloaderStats']
2026-08-29 13:20:01 [scrapy.middleware] INFO: Enabled spider middlewares:
['scrapy.spidermiddlewares.start.StartSpiderMiddleware',
 'scrapy.spidermiddlewares.httperror.HttpErrorMiddleware',
 'scrapy.spidermiddlewares.referer.RefererMiddleware',
 'scrapy.spidermiddlewares.urllength.UrlLengthMiddleware',
 'scrapy.spidermiddlewares.depth.DepthMiddleware']
2026-08-29 13:20:01 [scrapy.middleware] INFO: Enabled item pipelines:
['web_scraper.pipelines.WebScraperPipeline']
2026-08-29 13:20:01 [py.warnings] WARNING: /home/pc/Documents/web scrapy/web_scraper/.venv/lib/python3.13/site-packages/scrapy/pipelines/__init__.py:43: ScrapyDeprecationWarning: WebScraperPipeline.open_spider() requires a spider argument, this is deprecated and the argument will not be passed in future Scrapy versions. If you need to access the spider instance you can save the crawler instance passed to from_crawler() and use its spider attribute.
  self._check_mw_method_spider_arg(mw.open_spider)

2026-08-29 13:20:01 [py.warnings] WARNING: /home/pc/Documents/web scrapy/web_scraper/.venv/lib/python3.13/site-packages/scrapy/pipelines/__init__.py:46: ScrapyDeprecationWarning: WebScraperPipeline.close_spider() requires a spider argument, this is deprecated and the argument will not be passed in future Scrapy versions. If you need to access the spider instance you can save the crawler instance passed to from_crawler() and use its spider attribute.
  self._check_mw_method_spider_arg(mw.close_spider)

2026-08-29 13:20:01 [py.warnings] WARNING: /home/pc/Documents/web scrapy/web_scraper/.venv/lib/python3.13/site-packages/scrapy/pipelines/__init__.py:49: ScrapyDeprecationWarning: WebScraperPipeline.process_item() requires a spider argument, this is deprecated and the argument will not be passed in future Scrapy versions. If you need to access the spider instance you can save the crawler instance passed to from_crawler() and use its spider attribute.
  self._check_mw_method_spider_arg(mw.process_item)

2026-08-29 13:20:01 [scrapy.core.engine] INFO: Spider opened
2026-08-29 13:20:01 [scrapy.extensions.logstats] INFO: Crawled 0 pages (at 0 pages/min), scraped 0 items (at 0 items/min)
2026-08-29 13:20:01 [scrapy.extensions.telnet] INFO: Telnet console listening on 127.0.0.1:6023
2026-08-29 13:20:02 [scrapy.core.engine] DEBUG: Crawled (404) <GET https://call2.tgju.org/robots.txt> (referer: None)
2026-08-29 13:20:02 [protego._protego] DEBUG: Rule at line 2 without any user agent to enforce it on.
2026-08-29 13:20:02 [protego._protego] DEBUG: Rule at line 6 without any user agent to enforce it on.
2026-08-29 13:20:03 [scrapy.core.engine] DEBUG: Crawled (200) <GET https://call2.tgju.org/ajax.json?rev=Yt2ebnCSHS0J1dKrN7wGxtpR3g9t28WVgweDXFYgrGTcBEbsXyxKgBnDEcHq> (referer: None)
2026-08-29 13:20:03 [scrapy.core.scraper] DEBUG: Scraped from <200 https://call2.tgju.org/ajax.json?rev=Yt2ebnCSHS0J1dKrN7wGxtpR3g9t28WVgweDXFYgrGTcBEbsXyxKgBnDEcHq>
{'coin': '2,180,100,000',
 'gold_18k': '218,189,000',
 'ons_gold': '4,454.08',
 'silver': '4,593,600',
 'timestamp': '2026-08-29  13:20:03'}
2026-08-29 13:20:03 [scrapy.core.engine] INFO: Closing spider (finished)
2026-08-29 13:20:03 [scrapy.statscollectors] INFO: Dumping Scrapy stats:
{'downloader/request_bytes': 514,
 'downloader/request_count': 2,
 'downloader/request_method_count/GET': 2,
 'downloader/response_bytes': 26045,
 'downloader/response_count': 2,
 'downloader/response_status_count/200': 1,
 'downloader/response_status_count/404': 1,
 'elapsed_time_seconds': 1.8245646369996393,
 'finish_reason': 'finished',
 'finish_time': datetime.datetime(2026, 8, 29, 9, 50, 3, 691079, tzinfo=datetime.timezone.utc),
 'httpcompression/response_bytes': 148230,
 'httpcompression/response_count': 2,
 'item_scraped_count': 1,
 'items_per_minute': 60.0,
 'log_count/DEBUG': 5,
 'log_count/INFO': 3,
 'memusage/max': 71286784,
 'memusage/startup': 71286784,
 'response_received_count': 2,
 'responses_per_minute': 120.0,
 'robotstxt/request_count': 1,
 'robotstxt/response_count': 1,
 'robotstxt/response_status_count/404': 1,
 'scheduler/dequeued': 1,
 'scheduler/dequeued/memory': 1,
 'scheduler/enqueued': 1,
 'scheduler/enqueued/memory': 1,
 'start_time': datetime.datetime(2026, 8, 29, 9, 50, 1, 866513, tzinfo=datetime.timezone.utc)}
2026-08-29 13:20:03 [scrapy.core.engine] INFO: Spider closed (finished)
Running cleaning...
<class 'pandas.DataFrame'>
RangeIndex: 8 entries, 0 to 7
Data columns (total 5 columns):
 #   Column     Non-Null Count  Dtype
---  ------     --------------  -----
 0   timestamp  8 non-null      str  
 1   gold_18k   8 non-null      str  
 2   ons_gold   8 non-null      str  
 3   silver     8 non-null      str  
 4   coin       8 non-null      str  
dtypes: str(5)
memory usage: 452.0 bytes
              timestamp     gold_18k  ons_gold     silver           coin
0  2026-08-29  11:08:52  217,464,000  4,454.08  4,598,700  2,160,100,000
1  2026-08-29  11:23:32  217,464,000  4,454.08  4,598,700  2,160,100,000
2  2026-08-29  11:43:33  217,464,000  4,454.08  4,598,700  2,160,100,000
3  2026-08-29  12:10:12  218,720,000  4,454.08  4,541,900  2,170,050,000
4  2026-08-29  12:49:05  218,720,000  4,454.08  4,541,900  2,170,050,000
<class 'pandas.DataFrame'>
RangeIndex: 8 entries, 0 to 7
Data columns (total 5 columns):
 #   Column     Non-Null Count  Dtype  
---  ------     --------------  -----  
 0   timestamp  8 non-null      str    
 1   gold_18k   8 non-null      str    
 2   ons_gold   8 non-null      float64
 3   silver     8 non-null      str    
 4   coin       8 non-null      str    
dtypes: float64(1), str(4)
memory usage: 452.0 bytes
None
<class 'pandas.DataFrame'>
RangeIndex: 8 entries, 0 to 7
Data columns (total 5 columns):
 #   Column     Non-Null Count  Dtype  
---  ------     --------------  -----  
 0   timestamp  8 non-null      str    
 1   gold_18k   8 non-null      str    
 2   ons_gold   8 non-null      float64
 3   silver     8 non-null      int64  
 4   coin       8 non-null      str    
dtypes: float64(1), int64(1), str(3)
memory usage: 452.0 bytes
None
<class 'pandas.DataFrame'>
RangeIndex: 8 entries, 0 to 7
Data columns (total 5 columns):
 #   Column     Non-Null Count  Dtype  
---  ------     --------------  -----  
 0   timestamp  8 non-null      str    
 1   gold_18k   8 non-null      str    
 2   ons_gold   8 non-null      float64
 3   silver     8 non-null      int64  
 4   coin       8 non-null      int64  
dtypes: float64(1), int64(2), str(2)
memory usage: 452.0 bytes
None
<class 'pandas.DataFrame'>
RangeIndex: 8 entries, 0 to 7
Data columns (total 5 columns):
 #   Column     Non-Null Count  Dtype  
---  ------     --------------  -----  
 0   timestamp  8 non-null      str    
 1   gold_18k   8 non-null      int64  
 2   ons_gold   8 non-null      float64
 3   silver     8 non-null      int64  
 4   coin       8 non-null      int64  
dtypes: float64(1), int64(3), str(1)
memory usage: 452.0 bytes
None
<class 'pandas.DataFrame'>
RangeIndex: 8 entries, 0 to 7
Data columns (total 5 columns):
 #   Column     Non-Null Count  Dtype         
---  ------     --------------  -----         
 0   timestamp  8 non-null      datetime64[us]
 1   gold_18k   8 non-null      int64         
 2   ons_gold   8 non-null      float64       
 3   silver     8 non-null      int64         
 4   coin       8 non-null      int64         
dtypes: datetime64[us](1), float64(1), int64(3)
memory usage: 452.0 bytes
            timestamp   gold_18k  ons_gold   silver        coin
0 2026-08-29 11:08:52  217464000   4454.08  4598700  2160100000
1 2026-08-29 11:23:32  217464000   4454.08  4598700  2160100000
2 2026-08-29 11:43:33  217464000   4454.08  4598700  2160100000
3 2026-08-29 12:10:12  218720000   4454.08  4541900  2170050000
4 2026-08-29 12:49:05  218720000   4454.08  4541900  2170050000
DONE
Running Scrapy...
2026-08-29 13:30:02 [scrapy.utils.log] INFO: Scrapy 2.17.0 started (bot: web_scraper)
2026-08-29 13:30:02 [scrapy.utils.log] INFO: Versions:
{'lxml': '6.1.1',
 'libxml2': '2.14.6',
 'cssselect': '1.5.0',
 'parsel': '1.11.0',
 'w3lib': '2.4.1',
 'Twisted': '26.4.0',
 'Python': '3.13.7 (main, Mar  3 2026, 12:19:54) [GCC 15.2.0]',
 'pyOpenSSL': '26.4.0 (OpenSSL 4.0.1 9 Jun 2026)',
 'cryptography': '50.0.0',
 'Platform': 'Linux-6.17.0-41-generic-x86_64-with-glibc2.42'}
2026-08-29 13:30:02 [scrapy.crawler] DEBUG: Using AsyncCrawlerProcess
2026-08-29 13:30:02 [asyncio] DEBUG: Using selector: EpollSelector
2026-08-29 13:30:02 [scrapy.addons] INFO: Enabled addons:
[]
2026-08-29 13:30:02 [scrapy.utils.log] DEBUG: Using reactor: twisted.internet.asyncioreactor.AsyncioSelectorReactor
2026-08-29 13:30:02 [scrapy.utils.log] DEBUG: Using asyncio event loop: asyncio.unix_events._UnixSelectorEventLoop
2026-08-29 13:30:02 [scrapy.extensions.telnet] INFO: Telnet Password: 76fe570729901cd1
2026-08-29 13:30:02 [scrapy.middleware] INFO: Enabled extensions:
['scrapy.extensions.corestats.CoreStats',
 'scrapy.extensions.logcount.LogCount',
 'scrapy.extensions.telnet.TelnetConsole',
 'scrapy.extensions.memusage.MemoryUsage',
 'scrapy.extensions.logstats.LogStats']
2026-08-29 13:30:02 [scrapy.crawler] INFO: Overridden settings:
{'BOT_NAME': 'web_scraper',
 'CONCURRENT_REQUESTS_PER_DOMAIN': 1,
 'DOWNLOAD_DELAY': 1,
 'FEED_EXPORT_ENCODING': 'utf-8',
 'NEWSPIDER_MODULE': 'web_scraper.spiders',
 'ROBOTSTXT_OBEY': True,
 'SPIDER_MODULES': ['web_scraper.spiders']}
2026-08-29 13:30:02 [scrapy.middleware] INFO: Enabled downloader middlewares:
['scrapy.downloadermiddlewares.offsite.OffsiteMiddleware',
 'scrapy.downloadermiddlewares.robotstxt.RobotsTxtMiddleware',
 'scrapy.downloadermiddlewares.httpauth.HttpAuthMiddleware',
 'scrapy.downloadermiddlewares.downloadtimeout.DownloadTimeoutMiddleware',
 'scrapy.downloadermiddlewares.defaultheaders.DefaultHeadersMiddleware',
 'scrapy.downloadermiddlewares.useragent.UserAgentMiddleware',
 'scrapy.downloadermiddlewares.retry.RetryMiddleware',
 'scrapy.downloadermiddlewares.redirect.MetaRefreshMiddleware',
 'scrapy.downloadermiddlewares.httpcompression.HttpCompressionMiddleware',
 'scrapy.downloadermiddlewares.redirect.RedirectMiddleware',
 'scrapy.downloadermiddlewares.cookies.CookiesMiddleware',
 'scrapy.downloadermiddlewares.httpproxy.HttpProxyMiddleware',
 'scrapy.downloadermiddlewares.stats.DownloaderStats']
2026-08-29 13:30:02 [scrapy.middleware] INFO: Enabled spider middlewares:
['scrapy.spidermiddlewares.start.StartSpiderMiddleware',
 'scrapy.spidermiddlewares.httperror.HttpErrorMiddleware',
 'scrapy.spidermiddlewares.referer.RefererMiddleware',
 'scrapy.spidermiddlewares.urllength.UrlLengthMiddleware',
 'scrapy.spidermiddlewares.depth.DepthMiddleware']
2026-08-29 13:30:02 [scrapy.middleware] INFO: Enabled item pipelines:
['web_scraper.pipelines.WebScraperPipeline']
2026-08-29 13:30:02 [py.warnings] WARNING: /home/pc/Documents/web scrapy/web_scraper/.venv/lib/python3.13/site-packages/scrapy/pipelines/__init__.py:43: ScrapyDeprecationWarning: WebScraperPipeline.open_spider() requires a spider argument, this is deprecated and the argument will not be passed in future Scrapy versions. If you need to access the spider instance you can save the crawler instance passed to from_crawler() and use its spider attribute.
  self._check_mw_method_spider_arg(mw.open_spider)

2026-08-29 13:30:02 [py.warnings] WARNING: /home/pc/Documents/web scrapy/web_scraper/.venv/lib/python3.13/site-packages/scrapy/pipelines/__init__.py:46: ScrapyDeprecationWarning: WebScraperPipeline.close_spider() requires a spider argument, this is deprecated and the argument will not be passed in future Scrapy versions. If you need to access the spider instance you can save the crawler instance passed to from_crawler() and use its spider attribute.
  self._check_mw_method_spider_arg(mw.close_spider)

2026-08-29 13:30:02 [py.warnings] WARNING: /home/pc/Documents/web scrapy/web_scraper/.venv/lib/python3.13/site-packages/scrapy/pipelines/__init__.py:49: ScrapyDeprecationWarning: WebScraperPipeline.process_item() requires a spider argument, this is deprecated and the argument will not be passed in future Scrapy versions. If you need to access the spider instance you can save the crawler instance passed to from_crawler() and use its spider attribute.
  self._check_mw_method_spider_arg(mw.process_item)

2026-08-29 13:30:02 [scrapy.core.engine] INFO: Spider opened
2026-08-29 13:30:02 [scrapy.extensions.logstats] INFO: Crawled 0 pages (at 0 pages/min), scraped 0 items (at 0 items/min)
2026-08-29 13:30:02 [scrapy.extensions.telnet] INFO: Telnet console listening on 127.0.0.1:6023
2026-08-29 13:31:02 [scrapy.extensions.logstats] INFO: Crawled 0 pages (at 0 pages/min), scraped 0 items (at 0 items/min)
2026-08-29 13:32:02 [scrapy.extensions.logstats] INFO: Crawled 0 pages (at 0 pages/min), scraped 0 items (at 0 items/min)
2026-08-29 13:33:01 [scrapy.crawler] INFO: Received SIGTERM, shutting down gracefully. Send again to force 
2026-08-29 13:33:01 [scrapy.core.engine] INFO: Closing spider (shutdown)
2026-08-29 13:33:02 [scrapy.extensions.logstats] INFO: Crawled 0 pages (at 0 pages/min), scraped 0 items (at 0 items/min)
2026-08-29 13:33:02 [scrapy.downloadermiddlewares.retry] DEBUG: Retrying <GET https://call2.tgju.org/robots.txt> (failed 1 times): Getting https://call2.tgju.org/robots.txt took longer than 180.0 seconds.
2026-08-29 13:33:02 [scrapy.downloadermiddlewares.retry] DEBUG: Retrying <GET https://call2.tgju.org/robots.txt> (failed 2 times): No route to host: 101: Network is unreachable.
2026-08-29 13:33:04 [scrapy.downloadermiddlewares.retry] ERROR: Gave up retrying <GET https://call2.tgju.org/robots.txt> (failed 3 times): No route to host: 101: Network is unreachable.
2026-08-29 13:33:04 [scrapy.downloadermiddlewares.robotstxt] ERROR: Error downloading <GET https://call2.tgju.org/ajax.json?rev=Yt2ebnCSHS0J1dKrN7wGxtpR3g9t28WVgweDXFYgrGTcBEbsXyxKgBnDEcHq>: No route to host: 101: Network is unreachable.
Traceback (most recent call last):
  File "/home/pc/Documents/web scrapy/web_scraper/.venv/lib/python3.13/site-packages/scrapy/downloadermiddlewares/robotstxt.py", line 100, in robot_parser
    resp = await self.crawler.engine.download_async(robotsreq)
           ^^^^^^^^^^^^^^^^^^^^^^^^^^^^^^^^^^^^^^^^^^^^^^^^^^^
  File "/home/pc/Documents/web scrapy/web_scraper/.venv/lib/python3.13/site-packages/scrapy/core/engine.py", line 481, in download_async
    return await self.download_async(response_or_request)
           ^^^^^^^^^^^^^^^^^^^^^^^^^^^^^^^^^^^^^^^^^^^^^^
  File "/home/pc/Documents/web scrapy/web_scraper/.venv/lib/python3.13/site-packages/scrapy/core/engine.py", line 481, in download_async
    return await self.download_async(response_or_request)
           ^^^^^^^^^^^^^^^^^^^^^^^^^^^^^^^^^^^^^^^^^^^^^^
  File "/home/pc/Documents/web scrapy/web_scraper/.venv/lib/python3.13/site-packages/scrapy/core/engine.py", line 474, in download_async
    response_or_request = await maybe_deferred_to_future(
                          ^^^^^^^^^^^^^^^^^^^^^^^^^^^^^^^
        self._download(request)
        ^^^^^^^^^^^^^^^^^^^^^^^
    )
    ^
  File "/home/pc/Documents/web scrapy/web_scraper/.venv/lib/python3.13/site-packages/twisted/internet/defer.py", line 1834, in _inlineCallbacks
    result = context.run(
        cast(Failure, result).throwExceptionIntoGenerator, gen
    )
  File "/home/pc/Documents/web scrapy/web_scraper/.venv/lib/python3.13/site-packages/twisted/python/failure.py", line 467, in throwExceptionIntoGenerator
    return g.throw(self.value.with_traceback(self.tb))
           ~~~~~~~^^^^^^^^^^^^^^^^^^^^^^^^^^^^^^^^^^^^
  File "/home/pc/Documents/web scrapy/web_scraper/.venv/lib/python3.13/site-packages/scrapy/core/engine.py", line 497, in _download
    result = yield self.downloader.fetch(request)
             ^^^^^^^^^^^^^^^^^^^^^^^^^^^^^^^^^^^^
  File "/home/pc/Documents/web scrapy/web_scraper/.venv/lib/python3.13/site-packages/twisted/internet/defer.py", line 1834, in _inlineCallbacks
    result = context.run(
        cast(Failure, result).throwExceptionIntoGenerator, gen
    )
  File "/home/pc/Documents/web scrapy/web_scraper/.venv/lib/python3.13/site-packages/twisted/python/failure.py", line 467, in throwExceptionIntoGenerator
    return g.throw(self.value.with_traceback(self.tb))
           ~~~~~~~^^^^^^^^^^^^^^^^^^^^^^^^^^^^^^^^^^^^
  File "/home/pc/Documents/web scrapy/web_scraper/.venv/lib/python3.13/site-packages/scrapy/core/downloader/__init__.py", line 131, in fetch
    result: Response | Request = yield (
                                 ^^^^^^^
    ...<3 lines>...
    )
    ^
  File "/home/pc/Documents/web scrapy/web_scraper/.venv/lib/python3.13/site-packages/twisted/internet/defer.py", line 1247, in adapt
    extracted: _SelfResultT | Failure = result.result()
                                        ~~~~~~~~~~~~~^^
  File "/home/pc/Documents/web scrapy/web_scraper/.venv/lib/python3.13/site-packages/scrapy/core/downloader/middleware.py", line 87, in download_async
    result = await self._process_exception(ex, request)
             ^^^^^^^^^^^^^^^^^^^^^^^^^^^^^^^^^^^^^^^^^^
  File "/home/pc/Documents/web scrapy/web_scraper/.venv/lib/python3.13/site-packages/scrapy/core/downloader/middleware.py", line 156, in _process_exception
    raise exception
  File "/home/pc/Documents/web scrapy/web_scraper/.venv/lib/python3.13/site-packages/scrapy/core/downloader/middleware.py", line 80, in download_async
    result: Response | Request = await self._process_request(
                                 ^^^^^^^^^^^^^^^^^^^^^^^^^^^^
        request, download_func
        ^^^^^^^^^^^^^^^^^^^^^^
    )
    ^
  File "/home/pc/Documents/web scrapy/web_scraper/.venv/lib/python3.13/site-packages/scrapy/core/downloader/middleware.py", line 114, in _process_request
    return await download_func(request)
           ^^^^^^^^^^^^^^^^^^^^^^^^^^^^
  File "/home/pc/Documents/web scrapy/web_scraper/.venv/lib/python3.13/site-packages/scrapy/core/downloader/__init__.py", line 191, in _enqueue_request
    return await maybe_deferred_to_future(d)  # fired in _wait_for_download()
           ^^^^^^^^^^^^^^^^^^^^^^^^^^^^^^^^^
  File "/home/pc/Documents/web scrapy/web_scraper/.venv/lib/python3.13/site-packages/scrapy/core/downloader/__init__.py", line 258, in _wait_for_download
    response = await self._download(slot, request)
               ^^^^^^^^^^^^^^^^^^^^^^^^^^^^^^^^^^^
  File "/home/pc/Documents/web scrapy/web_scraper/.venv/lib/python3.13/site-packages/scrapy/core/downloader/__init__.py", line 228, in _download
    response: Response = await self.handlers.download_request_async(request)
                         ^^^^^^^^^^^^^^^^^^^^^^^^^^^^^^^^^^^^^^^^^^^^^^^^^^^
  File "/home/pc/Documents/web scrapy/web_scraper/.venv/lib/python3.13/site-packages/scrapy/core/downloader/handlers/__init__.py", line 156, in download_request_async
    return await handler.download_request(request)
           ^^^^^^^^^^^^^^^^^^^^^^^^^^^^^^^^^^^^^^^
  File "/home/pc/Documents/web scrapy/web_scraper/.venv/lib/python3.13/site-packages/scrapy/core/downloader/handlers/http11.py", line 130, in download_request
    return await maybe_deferred_to_future(agent.download_request(request))
           ^^^^^^^^^^^^^^^^^^^^^^^^^^^^^^^^^^^^^^^^^^^^^^^^^^^^^^^^^^^^^^^
twisted.internet.error.NoRouteError: No route to host: 101: Network is unreachable.
2026-08-29 13:33:05 [scrapy.downloadermiddlewares.retry] DEBUG: Retrying <GET https://call2.tgju.org/ajax.json?rev=Yt2ebnCSHS0J1dKrN7wGxtpR3g9t28WVgweDXFYgrGTcBEbsXyxKgBnDEcHq> (failed 1 times): No route to host: 101: Network is unreachable.
2026-08-29 13:33:05 [scrapy.statscollectors] INFO: Dumping Scrapy stats:
{'downloader/exception_count': 4,
 'downloader/exception_type_count/scrapy.exceptions.DownloadTimeoutError': 1,
 'downloader/exception_type_count/twisted.internet.error.NoRouteError': 3,
 'downloader/request_bytes': 964,
 'downloader/request_count': 4,
 'downloader/request_method_count/GET': 4,
 'elapsed_time_seconds': 183.67506219500137,
 'finish_reason': 'shutdown',
 'finish_time': datetime.datetime(2026, 8, 29, 10, 3, 5, 927239, tzinfo=datetime.timezone.utc),
 'items_per_minute': 0.0,
 'log_count/DEBUG': 3,
 'log_count/ERROR': 2,
 'log_count/INFO': 7,
 'memusage/max': 71925760,
 'memusage/startup': 71217152,
 'responses_per_minute': 0.0,
 'retry/count': 3,
 'retry/max_reached': 1,
 'retry/reason_count/scrapy.exceptions.DownloadTimeoutError': 1,
 'retry/reason_count/twisted.internet.error.NoRouteError': 2,
 "robotstxt/exception_count/<class 'twisted.internet.error.NoRouteError'>": 1,
 'robotstxt/request_count': 1,
 'scheduler/dequeued': 1,
 'scheduler/dequeued/memory': 1,
 'scheduler/enqueued': 2,
 'scheduler/enqueued/memory': 2,
 'start_time': datetime.datetime(2026, 8, 29, 10, 0, 2, 252177, tzinfo=datetime.timezone.utc)}
2026-08-29 13:33:05 [scrapy.core.engine] INFO: Spider closed (shutdown)
Running Scrapy...
2026-08-31 11:10:02 [scrapy.utils.log] INFO: Scrapy 2.17.0 started (bot: web_scraper)
2026-08-31 11:10:02 [scrapy.utils.log] INFO: Versions:
{'lxml': '6.1.1',
 'libxml2': '2.14.6',
 'cssselect': '1.5.0',
 'parsel': '1.11.0',
 'w3lib': '2.4.1',
 'Twisted': '26.4.0',
 'Python': '3.13.7 (main, Mar  3 2026, 12:19:54) [GCC 15.2.0]',
 'pyOpenSSL': '26.4.0 (OpenSSL 4.0.1 9 Jun 2026)',
 'cryptography': '50.0.0',
 'Platform': 'Linux-6.17.0-41-generic-x86_64-with-glibc2.42'}
2026-08-31 11:10:02 [scrapy.crawler] DEBUG: Using AsyncCrawlerProcess
2026-08-31 11:10:02 [asyncio] DEBUG: Using selector: EpollSelector
2026-08-31 11:10:02 [scrapy.addons] INFO: Enabled addons:
[]
2026-08-31 11:10:02 [scrapy.utils.log] DEBUG: Using reactor: twisted.internet.asyncioreactor.AsyncioSelectorReactor
2026-08-31 11:10:02 [scrapy.utils.log] DEBUG: Using asyncio event loop: asyncio.unix_events._UnixSelectorEventLoop
2026-08-31 11:10:02 [scrapy.extensions.telnet] INFO: Telnet Password: f5c4de27749443b3
2026-08-31 11:10:02 [scrapy.middleware] INFO: Enabled extensions:
['scrapy.extensions.corestats.CoreStats',
 'scrapy.extensions.logcount.LogCount',
 'scrapy.extensions.telnet.TelnetConsole',
 'scrapy.extensions.memusage.MemoryUsage',
 'scrapy.extensions.logstats.LogStats']
2026-08-31 11:10:02 [scrapy.crawler] INFO: Overridden settings:
{'BOT_NAME': 'web_scraper',
 'CONCURRENT_REQUESTS_PER_DOMAIN': 1,
 'DOWNLOAD_DELAY': 1,
 'FEED_EXPORT_ENCODING': 'utf-8',
 'NEWSPIDER_MODULE': 'web_scraper.spiders',
 'ROBOTSTXT_OBEY': True,
 'SPIDER_MODULES': ['web_scraper.spiders']}
2026-08-31 11:10:02 [scrapy.middleware] INFO: Enabled downloader middlewares:
['scrapy.downloadermiddlewares.offsite.OffsiteMiddleware',
 'scrapy.downloadermiddlewares.robotstxt.RobotsTxtMiddleware',
 'scrapy.downloadermiddlewares.httpauth.HttpAuthMiddleware',
 'scrapy.downloadermiddlewares.downloadtimeout.DownloadTimeoutMiddleware',
 'scrapy.downloadermiddlewares.defaultheaders.DefaultHeadersMiddleware',
 'scrapy.downloadermiddlewares.useragent.UserAgentMiddleware',
 'scrapy.downloadermiddlewares.retry.RetryMiddleware',
 'scrapy.downloadermiddlewares.redirect.MetaRefreshMiddleware',
 'scrapy.downloadermiddlewares.httpcompression.HttpCompressionMiddleware',
 'scrapy.downloadermiddlewares.redirect.RedirectMiddleware',
 'scrapy.downloadermiddlewares.cookies.CookiesMiddleware',
 'scrapy.downloadermiddlewares.httpproxy.HttpProxyMiddleware',
 'scrapy.downloadermiddlewares.stats.DownloaderStats']
2026-08-31 11:10:02 [scrapy.middleware] INFO: Enabled spider middlewares:
['scrapy.spidermiddlewares.start.StartSpiderMiddleware',
 'scrapy.spidermiddlewares.httperror.HttpErrorMiddleware',
 'scrapy.spidermiddlewares.referer.RefererMiddleware',
 'scrapy.spidermiddlewares.urllength.UrlLengthMiddleware',
 'scrapy.spidermiddlewares.depth.DepthMiddleware']
2026-08-31 11:10:02 [scrapy.middleware] INFO: Enabled item pipelines:
['web_scraper.pipelines.WebScraperPipeline']
2026-08-31 11:10:02 [py.warnings] WARNING: /home/pc/Documents/web scrapy/web_scraper/.venv/lib/python3.13/site-packages/scrapy/pipelines/__init__.py:43: ScrapyDeprecationWarning: WebScraperPipeline.open_spider() requires a spider argument, this is deprecated and the argument will not be passed in future Scrapy versions. If you need to access the spider instance you can save the crawler instance passed to from_crawler() and use its spider attribute.
  self._check_mw_method_spider_arg(mw.open_spider)

2026-08-31 11:10:02 [py.warnings] WARNING: /home/pc/Documents/web scrapy/web_scraper/.venv/lib/python3.13/site-packages/scrapy/pipelines/__init__.py:46: ScrapyDeprecationWarning: WebScraperPipeline.close_spider() requires a spider argument, this is deprecated and the argument will not be passed in future Scrapy versions. If you need to access the spider instance you can save the crawler instance passed to from_crawler() and use its spider attribute.
  self._check_mw_method_spider_arg(mw.close_spider)

2026-08-31 11:10:02 [py.warnings] WARNING: /home/pc/Documents/web scrapy/web_scraper/.venv/lib/python3.13/site-packages/scrapy/pipelines/__init__.py:49: ScrapyDeprecationWarning: WebScraperPipeline.process_item() requires a spider argument, this is deprecated and the argument will not be passed in future Scrapy versions. If you need to access the spider instance you can save the crawler instance passed to from_crawler() and use its spider attribute.
  self._check_mw_method_spider_arg(mw.process_item)

2026-08-31 11:10:02 [scrapy.core.engine] INFO: Spider opened
2026-08-31 11:10:02 [scrapy.extensions.logstats] INFO: Crawled 0 pages (at 0 pages/min), scraped 0 items (at 0 items/min)
2026-08-31 11:10:02 [scrapy.extensions.telnet] INFO: Telnet console listening on 127.0.0.1:6023
2026-08-31 11:10:03 [scrapy.core.engine] DEBUG: Crawled (404) <GET https://call2.tgju.org/robots.txt> (referer: None)
2026-08-31 11:10:03 [protego._protego] DEBUG: Rule at line 2 without any user agent to enforce it on.
2026-08-31 11:10:03 [protego._protego] DEBUG: Rule at line 6 without any user agent to enforce it on.
2026-08-31 11:10:05 [scrapy.core.engine] DEBUG: Crawled (200) <GET https://call2.tgju.org/ajax.json?rev=Yt2ebnCSHS0J1dKrN7wGxtpR3g9t28WVgweDXFYgrGTcBEbsXyxKgBnDEcHq> (referer: None)
2026-08-31 11:10:05 [scrapy.core.scraper] DEBUG: Scraped from <200 https://call2.tgju.org/ajax.json?rev=Yt2ebnCSHS0J1dKrN7wGxtpR3g9t28WVgweDXFYgrGTcBEbsXyxKgBnDEcHq>
{'coin': '2,194,850,000',
 'gold_18k': '218,738,000',
 'ons_gold': '4,442.29',
 'silver': '4,693,300',
 'timestamp': '2026-08-31  11:10:05'}
2026-08-31 11:10:05 [scrapy.core.engine] INFO: Closing spider (finished)
2026-08-31 11:10:05 [scrapy.statscollectors] INFO: Dumping Scrapy stats:
{'downloader/request_bytes': 514,
 'downloader/request_count': 2,
 'downloader/request_method_count/GET': 2,
 'downloader/response_bytes': 25127,
 'downloader/response_count': 2,
 'downloader/response_status_count/200': 1,
 'downloader/response_status_count/404': 1,
 'elapsed_time_seconds': 3.034303460999922,
 'finish_reason': 'finished',
 'finish_time': datetime.datetime(2026, 8, 31, 7, 40, 5, 913193, tzinfo=datetime.timezone.utc),
 'httpcompression/response_bytes': 147583,
 'httpcompression/response_count': 2,
 'item_scraped_count': 1,
 'items_per_minute': 20.0,
 'log_count/DEBUG': 5,
 'log_count/INFO': 3,
 'memusage/max': 70864896,
 'memusage/startup': 70864896,
 'response_received_count': 2,
 'responses_per_minute': 40.0,
 'robotstxt/request_count': 1,
 'robotstxt/response_count': 1,
 'robotstxt/response_status_count/404': 1,
 'scheduler/dequeued': 1,
 'scheduler/dequeued/memory': 1,
 'scheduler/enqueued': 1,
 'scheduler/enqueued/memory': 1,
 'start_time': datetime.datetime(2026, 8, 31, 7, 40, 2, 878885, tzinfo=datetime.timezone.utc)}
2026-08-31 11:10:05 [scrapy.core.engine] INFO: Spider closed (finished)
Running cleaning...
<class 'pandas.DataFrame'>
RangeIndex: 9 entries, 0 to 8
Data columns (total 5 columns):
 #   Column     Non-Null Count  Dtype
---  ------     --------------  -----
 0   timestamp  9 non-null      str  
 1   gold_18k   9 non-null      str  
 2   ons_gold   9 non-null      str  
 3   silver     9 non-null      str  
 4   coin       9 non-null      str  
dtypes: str(5)
memory usage: 492.0 bytes
              timestamp     gold_18k  ons_gold     silver           coin
0  2026-08-29  11:08:52  217,464,000  4,454.08  4,598,700  2,160,100,000
1  2026-08-29  11:23:32  217,464,000  4,454.08  4,598,700  2,160,100,000
2  2026-08-29  11:43:33  217,464,000  4,454.08  4,598,700  2,160,100,000
3  2026-08-29  12:10:12  218,720,000  4,454.08  4,541,900  2,170,050,000
4  2026-08-29  12:49:05  218,720,000  4,454.08  4,541,900  2,170,050,000
<class 'pandas.DataFrame'>
RangeIndex: 9 entries, 0 to 8
Data columns (total 5 columns):
 #   Column     Non-Null Count  Dtype  
---  ------     --------------  -----  
 0   timestamp  9 non-null      str    
 1   gold_18k   9 non-null      str    
 2   ons_gold   9 non-null      float64
 3   silver     9 non-null      str    
 4   coin       9 non-null      str    
dtypes: float64(1), str(4)
memory usage: 492.0 bytes
None
<class 'pandas.DataFrame'>
RangeIndex: 9 entries, 0 to 8
Data columns (total 5 columns):
 #   Column     Non-Null Count  Dtype  
---  ------     --------------  -----  
 0   timestamp  9 non-null      str    
 1   gold_18k   9 non-null      str    
 2   ons_gold   9 non-null      float64
 3   silver     9 non-null      int64  
 4   coin       9 non-null      str    
dtypes: float64(1), int64(1), str(3)
memory usage: 492.0 bytes
None
<class 'pandas.DataFrame'>
RangeIndex: 9 entries, 0 to 8
Data columns (total 5 columns):
 #   Column     Non-Null Count  Dtype  
---  ------     --------------  -----  
 0   timestamp  9 non-null      str    
 1   gold_18k   9 non-null      str    
 2   ons_gold   9 non-null      float64
 3   silver     9 non-null      int64  
 4   coin       9 non-null      int64  
dtypes: float64(1), int64(2), str(2)
memory usage: 492.0 bytes
None
<class 'pandas.DataFrame'>
RangeIndex: 9 entries, 0 to 8
Data columns (total 5 columns):
 #   Column     Non-Null Count  Dtype  
---  ------     --------------  -----  
 0   timestamp  9 non-null      str    
 1   gold_18k   9 non-null      int64  
 2   ons_gold   9 non-null      float64
 3   silver     9 non-null      int64  
 4   coin       9 non-null      int64  
dtypes: float64(1), int64(3), str(1)
memory usage: 492.0 bytes
None
<class 'pandas.DataFrame'>
RangeIndex: 9 entries, 0 to 8
Data columns (total 5 columns):
 #   Column     Non-Null Count  Dtype         
---  ------     --------------  -----         
 0   timestamp  9 non-null      datetime64[us]
 1   gold_18k   9 non-null      int64         
 2   ons_gold   9 non-null      float64       
 3   silver     9 non-null      int64         
 4   coin       9 non-null      int64         
dtypes: datetime64[us](1), float64(1), int64(3)
memory usage: 492.0 bytes
            timestamp   gold_18k  ons_gold   silver        coin
0 2026-08-29 11:08:52  217464000   4454.08  4598700  2160100000
1 2026-08-29 11:23:32  217464000   4454.08  4598700  2160100000
2 2026-08-29 11:43:33  217464000   4454.08  4598700  2160100000
3 2026-08-29 12:10:12  218720000   4454.08  4541900  2170050000
4 2026-08-29 12:49:05  218720000   4454.08  4541900  2170050000
DONE
Running Scrapy...
2026-08-31 12:10:02 [scrapy.utils.log] INFO: Scrapy 2.17.0 started (bot: web_scraper)
2026-08-31 12:10:02 [scrapy.utils.log] INFO: Versions:
{'lxml': '6.1.1',
 'libxml2': '2.14.6',
 'cssselect': '1.5.0',
 'parsel': '1.11.0',
 'w3lib': '2.4.1',
 'Twisted': '26.4.0',
 'Python': '3.13.7 (main, Mar  3 2026, 12:19:54) [GCC 15.2.0]',
 'pyOpenSSL': '26.4.0 (OpenSSL 4.0.1 9 Jun 2026)',
 'cryptography': '50.0.0',
 'Platform': 'Linux-6.17.0-41-generic-x86_64-with-glibc2.42'}
2026-08-31 12:10:02 [scrapy.crawler] DEBUG: Using AsyncCrawlerProcess
2026-08-31 12:10:02 [asyncio] DEBUG: Using selector: EpollSelector
2026-08-31 12:10:02 [scrapy.addons] INFO: Enabled addons:
[]
2026-08-31 12:10:02 [scrapy.utils.log] DEBUG: Using reactor: twisted.internet.asyncioreactor.AsyncioSelectorReactor
2026-08-31 12:10:02 [scrapy.utils.log] DEBUG: Using asyncio event loop: asyncio.unix_events._UnixSelectorEventLoop
2026-08-31 12:10:02 [scrapy.extensions.telnet] INFO: Telnet Password: 798bbe3913281f74
2026-08-31 12:10:02 [scrapy.middleware] INFO: Enabled extensions:
['scrapy.extensions.corestats.CoreStats',
 'scrapy.extensions.logcount.LogCount',
 'scrapy.extensions.telnet.TelnetConsole',
 'scrapy.extensions.memusage.MemoryUsage',
 'scrapy.extensions.logstats.LogStats']
2026-08-31 12:10:02 [scrapy.crawler] INFO: Overridden settings:
{'BOT_NAME': 'web_scraper',
 'CONCURRENT_REQUESTS_PER_DOMAIN': 1,
 'DOWNLOAD_DELAY': 1,
 'FEED_EXPORT_ENCODING': 'utf-8',
 'NEWSPIDER_MODULE': 'web_scraper.spiders',
 'ROBOTSTXT_OBEY': True,
 'SPIDER_MODULES': ['web_scraper.spiders']}
2026-08-31 12:10:02 [scrapy.middleware] INFO: Enabled downloader middlewares:
['scrapy.downloadermiddlewares.offsite.OffsiteMiddleware',
 'scrapy.downloadermiddlewares.robotstxt.RobotsTxtMiddleware',
 'scrapy.downloadermiddlewares.httpauth.HttpAuthMiddleware',
 'scrapy.downloadermiddlewares.downloadtimeout.DownloadTimeoutMiddleware',
 'scrapy.downloadermiddlewares.defaultheaders.DefaultHeadersMiddleware',
 'scrapy.downloadermiddlewares.useragent.UserAgentMiddleware',
 'scrapy.downloadermiddlewares.retry.RetryMiddleware',
 'scrapy.downloadermiddlewares.redirect.MetaRefreshMiddleware',
 'scrapy.downloadermiddlewares.httpcompression.HttpCompressionMiddleware',
 'scrapy.downloadermiddlewares.redirect.RedirectMiddleware',
 'scrapy.downloadermiddlewares.cookies.CookiesMiddleware',
 'scrapy.downloadermiddlewares.httpproxy.HttpProxyMiddleware',
 'scrapy.downloadermiddlewares.stats.DownloaderStats']
2026-08-31 12:10:02 [scrapy.middleware] INFO: Enabled spider middlewares:
['scrapy.spidermiddlewares.start.StartSpiderMiddleware',
 'scrapy.spidermiddlewares.httperror.HttpErrorMiddleware',
 'scrapy.spidermiddlewares.referer.RefererMiddleware',
 'scrapy.spidermiddlewares.urllength.UrlLengthMiddleware',
 'scrapy.spidermiddlewares.depth.DepthMiddleware']
2026-08-31 12:10:02 [scrapy.middleware] INFO: Enabled item pipelines:
['web_scraper.pipelines.WebScraperPipeline']
2026-08-31 12:10:02 [py.warnings] WARNING: /home/pc/Documents/web scrapy/web_scraper/.venv/lib/python3.13/site-packages/scrapy/pipelines/__init__.py:43: ScrapyDeprecationWarning: WebScraperPipeline.open_spider() requires a spider argument, this is deprecated and the argument will not be passed in future Scrapy versions. If you need to access the spider instance you can save the crawler instance passed to from_crawler() and use its spider attribute.
  self._check_mw_method_spider_arg(mw.open_spider)

2026-08-31 12:10:02 [py.warnings] WARNING: /home/pc/Documents/web scrapy/web_scraper/.venv/lib/python3.13/site-packages/scrapy/pipelines/__init__.py:46: ScrapyDeprecationWarning: WebScraperPipeline.close_spider() requires a spider argument, this is deprecated and the argument will not be passed in future Scrapy versions. If you need to access the spider instance you can save the crawler instance passed to from_crawler() and use its spider attribute.
  self._check_mw_method_spider_arg(mw.close_spider)

2026-08-31 12:10:02 [py.warnings] WARNING: /home/pc/Documents/web scrapy/web_scraper/.venv/lib/python3.13/site-packages/scrapy/pipelines/__init__.py:49: ScrapyDeprecationWarning: WebScraperPipeline.process_item() requires a spider argument, this is deprecated and the argument will not be passed in future Scrapy versions. If you need to access the spider instance you can save the crawler instance passed to from_crawler() and use its spider attribute.
  self._check_mw_method_spider_arg(mw.process_item)

2026-08-31 12:10:02 [scrapy.core.engine] INFO: Spider opened
2026-08-31 12:10:02 [scrapy.extensions.logstats] INFO: Crawled 0 pages (at 0 pages/min), scraped 0 items (at 0 items/min)
2026-08-31 12:10:02 [scrapy.extensions.telnet] INFO: Telnet console listening on 127.0.0.1:6023
2026-08-31 12:10:18 [scrapy.downloadermiddlewares.retry] DEBUG: Retrying <GET https://call2.tgju.org/robots.txt> (failed 1 times): [<twisted.python.failure.Failure twisted.internet.error.ConnectionLost: Connection to the other side was lost in a non-clean fashion: Connection lost.>]
2026-08-31 12:10:34 [scrapy.downloadermiddlewares.retry] DEBUG: Retrying <GET https://call2.tgju.org/robots.txt> (failed 2 times): [<twisted.python.failure.Failure twisted.internet.error.ConnectionLost: Connection to the other side was lost in a non-clean fashion: Connection lost.>]
2026-08-31 12:11:02 [scrapy.extensions.logstats] INFO: Crawled 0 pages (at 0 pages/min), scraped 0 items (at 0 items/min)
2026-08-31 12:12:02 [scrapy.extensions.logstats] INFO: Crawled 0 pages (at 0 pages/min), scraped 0 items (at 0 items/min)
2026-08-31 12:13:02 [scrapy.extensions.logstats] INFO: Crawled 0 pages (at 0 pages/min), scraped 0 items (at 0 items/min)
2026-08-31 12:13:34 [scrapy.downloadermiddlewares.retry] ERROR: Gave up retrying <GET https://call2.tgju.org/robots.txt> (failed 3 times): Getting https://call2.tgju.org/robots.txt took longer than 180.0 seconds.
2026-08-31 12:13:34 [scrapy.downloadermiddlewares.robotstxt] ERROR: Error downloading <GET https://call2.tgju.org/ajax.json?rev=Yt2ebnCSHS0J1dKrN7wGxtpR3g9t28WVgweDXFYgrGTcBEbsXyxKgBnDEcHq>: Getting https://call2.tgju.org/robots.txt took longer than 180.0 seconds.
Traceback (most recent call last):
  File "/home/pc/Documents/web scrapy/web_scraper/.venv/lib/python3.13/site-packages/scrapy/downloadermiddlewares/robotstxt.py", line 100, in robot_parser
    resp = await self.crawler.engine.download_async(robotsreq)
           ^^^^^^^^^^^^^^^^^^^^^^^^^^^^^^^^^^^^^^^^^^^^^^^^^^^
  File "/home/pc/Documents/web scrapy/web_scraper/.venv/lib/python3.13/site-packages/scrapy/core/engine.py", line 481, in download_async
    return await self.download_async(response_or_request)
           ^^^^^^^^^^^^^^^^^^^^^^^^^^^^^^^^^^^^^^^^^^^^^^
  File "/home/pc/Documents/web scrapy/web_scraper/.venv/lib/python3.13/site-packages/scrapy/core/engine.py", line 481, in download_async
    return await self.download_async(response_or_request)
           ^^^^^^^^^^^^^^^^^^^^^^^^^^^^^^^^^^^^^^^^^^^^^^
  File "/home/pc/Documents/web scrapy/web_scraper/.venv/lib/python3.13/site-packages/scrapy/core/engine.py", line 474, in download_async
    response_or_request = await maybe_deferred_to_future(
                          ^^^^^^^^^^^^^^^^^^^^^^^^^^^^^^^
        self._download(request)
        ^^^^^^^^^^^^^^^^^^^^^^^
    )
    ^
  File "/home/pc/Documents/web scrapy/web_scraper/.venv/lib/python3.13/site-packages/twisted/internet/defer.py", line 1834, in _inlineCallbacks
    result = context.run(
        cast(Failure, result).throwExceptionIntoGenerator, gen
    )
  File "/home/pc/Documents/web scrapy/web_scraper/.venv/lib/python3.13/site-packages/twisted/python/failure.py", line 467, in throwExceptionIntoGenerator
    return g.throw(self.value.with_traceback(self.tb))
           ~~~~~~~^^^^^^^^^^^^^^^^^^^^^^^^^^^^^^^^^^^^
  File "/home/pc/Documents/web scrapy/web_scraper/.venv/lib/python3.13/site-packages/scrapy/core/engine.py", line 497, in _download
    result = yield self.downloader.fetch(request)
             ^^^^^^^^^^^^^^^^^^^^^^^^^^^^^^^^^^^^
  File "/home/pc/Documents/web scrapy/web_scraper/.venv/lib/python3.13/site-packages/twisted/internet/defer.py", line 1834, in _inlineCallbacks
    result = context.run(
        cast(Failure, result).throwExceptionIntoGenerator, gen
    )
  File "/home/pc/Documents/web scrapy/web_scraper/.venv/lib/python3.13/site-packages/twisted/python/failure.py", line 467, in throwExceptionIntoGenerator
    return g.throw(self.value.with_traceback(self.tb))
           ~~~~~~~^^^^^^^^^^^^^^^^^^^^^^^^^^^^^^^^^^^^
  File "/home/pc/Documents/web scrapy/web_scraper/.venv/lib/python3.13/site-packages/scrapy/core/downloader/__init__.py", line 131, in fetch
    result: Response | Request = yield (
                                 ^^^^^^^
    ...<3 lines>...
    )
    ^
  File "/home/pc/Documents/web scrapy/web_scraper/.venv/lib/python3.13/site-packages/twisted/internet/defer.py", line 1247, in adapt
    extracted: _SelfResultT | Failure = result.result()
                                        ~~~~~~~~~~~~~^^
  File "/home/pc/Documents/web scrapy/web_scraper/.venv/lib/python3.13/site-packages/scrapy/core/downloader/middleware.py", line 87, in download_async
    result = await self._process_exception(ex, request)
             ^^^^^^^^^^^^^^^^^^^^^^^^^^^^^^^^^^^^^^^^^^
  File "/home/pc/Documents/web scrapy/web_scraper/.venv/lib/python3.13/site-packages/scrapy/core/downloader/middleware.py", line 156, in _process_exception
    raise exception
  File "/home/pc/Documents/web scrapy/web_scraper/.venv/lib/python3.13/site-packages/scrapy/core/downloader/middleware.py", line 80, in download_async
    result: Response | Request = await self._process_request(
                                 ^^^^^^^^^^^^^^^^^^^^^^^^^^^^
        request, download_func
        ^^^^^^^^^^^^^^^^^^^^^^
    )
    ^
  File "/home/pc/Documents/web scrapy/web_scraper/.venv/lib/python3.13/site-packages/scrapy/core/downloader/middleware.py", line 114, in _process_request
    return await download_func(request)
           ^^^^^^^^^^^^^^^^^^^^^^^^^^^^
  File "/home/pc/Documents/web scrapy/web_scraper/.venv/lib/python3.13/site-packages/scrapy/core/downloader/__init__.py", line 191, in _enqueue_request
    return await maybe_deferred_to_future(d)  # fired in _wait_for_download()
           ^^^^^^^^^^^^^^^^^^^^^^^^^^^^^^^^^
  File "/home/pc/Documents/web scrapy/web_scraper/.venv/lib/python3.13/site-packages/scrapy/core/downloader/__init__.py", line 258, in _wait_for_download
    response = await self._download(slot, request)
               ^^^^^^^^^^^^^^^^^^^^^^^^^^^^^^^^^^^
  File "/home/pc/Documents/web scrapy/web_scraper/.venv/lib/python3.13/site-packages/scrapy/core/downloader/__init__.py", line 228, in _download
    response: Response = await self.handlers.download_request_async(request)
                         ^^^^^^^^^^^^^^^^^^^^^^^^^^^^^^^^^^^^^^^^^^^^^^^^^^^
  File "/home/pc/Documents/web scrapy/web_scraper/.venv/lib/python3.13/site-packages/scrapy/core/downloader/handlers/__init__.py", line 156, in download_request_async
    return await handler.download_request(request)
           ^^^^^^^^^^^^^^^^^^^^^^^^^^^^^^^^^^^^^^^
  File "/home/pc/Documents/web scrapy/web_scraper/.venv/lib/python3.13/site-packages/scrapy/core/downloader/handlers/http11.py", line 130, in download_request
    return await maybe_deferred_to_future(agent.download_request(request))
           ^^^^^^^^^^^^^^^^^^^^^^^^^^^^^^^^^^^^^^^^^^^^^^^^^^^^^^^^^^^^^^^
  File "/home/pc/Documents/web scrapy/web_scraper/.venv/lib/python3.13/site-packages/twisted/internet/defer.py", line 1082, in _runCallbacks
    current.result = callback(  # type: ignore[misc]
                     ~~~~~~~~^^^^^^^^^^^^^^^^^^^^^^^
        current.result, *args, **kwargs
        ^^^^^^^^^^^^^^^^^^^^^^^^^^^^^^^
    )
    ^
  File "/home/pc/Documents/web scrapy/web_scraper/.venv/lib/python3.13/site-packages/scrapy/core/downloader/handlers/http11.py", line 494, in _cb_timeout
    raise DownloadTimeoutError(f"Getting {url} took longer than {timeout} seconds.")
scrapy.exceptions.DownloadTimeoutError: Getting https://call2.tgju.org/robots.txt took longer than 180.0 seconds.
2026-08-31 12:14:02 [scrapy.extensions.logstats] INFO: Crawled 0 pages (at 0 pages/min), scraped 0 items (at 0 items/min)
2026-08-31 12:15:02 [scrapy.extensions.logstats] INFO: Crawled 0 pages (at 0 pages/min), scraped 0 items (at 0 items/min)
2026-08-31 12:16:02 [scrapy.extensions.logstats] INFO: Crawled 0 pages (at 0 pages/min), scraped 0 items (at 0 items/min)
2026-08-31 12:16:35 [scrapy.downloadermiddlewares.retry] DEBUG: Retrying <GET https://call2.tgju.org/ajax.json?rev=Yt2ebnCSHS0J1dKrN7wGxtpR3g9t28WVgweDXFYgrGTcBEbsXyxKgBnDEcHq> (failed 1 times): Getting https://call2.tgju.org/ajax.json?rev=Yt2ebnCSHS0J1dKrN7wGxtpR3g9t28WVgweDXFYgrGTcBEbsXyxKgBnDEcHq took longer than 180.0 seconds.
2026-08-31 12:17:02 [scrapy.extensions.logstats] INFO: Crawled 0 pages (at 0 pages/min), scraped 0 items (at 0 items/min)
2026-08-31 12:18:02 [scrapy.extensions.logstats] INFO: Crawled 0 pages (at 0 pages/min), scraped 0 items (at 0 items/min)
2026-08-31 12:19:02 [scrapy.extensions.logstats] INFO: Crawled 0 pages (at 0 pages/min), scraped 0 items (at 0 items/min)
2026-08-31 12:19:35 [scrapy.downloadermiddlewares.retry] DEBUG: Retrying <GET https://call2.tgju.org/ajax.json?rev=Yt2ebnCSHS0J1dKrN7wGxtpR3g9t28WVgweDXFYgrGTcBEbsXyxKgBnDEcHq> (failed 2 times): Getting https://call2.tgju.org/ajax.json?rev=Yt2ebnCSHS0J1dKrN7wGxtpR3g9t28WVgweDXFYgrGTcBEbsXyxKgBnDEcHq took longer than 180.0 seconds.
Running Scrapy...
2026-08-31 12:20:02 [scrapy.utils.log] INFO: Scrapy 2.17.0 started (bot: web_scraper)
2026-08-31 12:20:02 [scrapy.utils.log] INFO: Versions:
{'lxml': '6.1.1',
 'libxml2': '2.14.6',
 'cssselect': '1.5.0',
 'parsel': '1.11.0',
 'w3lib': '2.4.1',
 'Twisted': '26.4.0',
 'Python': '3.13.7 (main, Mar  3 2026, 12:19:54) [GCC 15.2.0]',
 'pyOpenSSL': '26.4.0 (OpenSSL 4.0.1 9 Jun 2026)',
 'cryptography': '50.0.0',
 'Platform': 'Linux-6.17.0-41-generic-x86_64-with-glibc2.42'}
2026-08-31 12:20:02 [scrapy.crawler] DEBUG: Using AsyncCrawlerProcess
2026-08-31 12:20:02 [asyncio] DEBUG: Using selector: EpollSelector
2026-08-31 12:20:02 [scrapy.addons] INFO: Enabled addons:
[]
2026-08-31 12:20:02 [scrapy.utils.log] DEBUG: Using reactor: twisted.internet.asyncioreactor.AsyncioSelectorReactor
2026-08-31 12:20:02 [scrapy.utils.log] DEBUG: Using asyncio event loop: asyncio.unix_events._UnixSelectorEventLoop
2026-08-31 12:20:02 [scrapy.extensions.telnet] INFO: Telnet Password: 857def5fd715db04
2026-08-31 12:20:02 [scrapy.middleware] INFO: Enabled extensions:
['scrapy.extensions.corestats.CoreStats',
 'scrapy.extensions.logcount.LogCount',
 'scrapy.extensions.telnet.TelnetConsole',
 'scrapy.extensions.memusage.MemoryUsage',
 'scrapy.extensions.logstats.LogStats']
2026-08-31 12:20:02 [scrapy.crawler] INFO: Overridden settings:
{'BOT_NAME': 'web_scraper',
 'CONCURRENT_REQUESTS_PER_DOMAIN': 1,
 'DOWNLOAD_DELAY': 1,
 'FEED_EXPORT_ENCODING': 'utf-8',
 'NEWSPIDER_MODULE': 'web_scraper.spiders',
 'ROBOTSTXT_OBEY': True,
 'SPIDER_MODULES': ['web_scraper.spiders']}
2026-08-31 12:20:02 [scrapy.extensions.logstats] INFO: Crawled 0 pages (at 0 pages/min), scraped 0 items (at 0 items/min)
2026-08-31 12:20:02 [scrapy.middleware] INFO: Enabled downloader middlewares:
['scrapy.downloadermiddlewares.offsite.OffsiteMiddleware',
 'scrapy.downloadermiddlewares.robotstxt.RobotsTxtMiddleware',
 'scrapy.downloadermiddlewares.httpauth.HttpAuthMiddleware',
 'scrapy.downloadermiddlewares.downloadtimeout.DownloadTimeoutMiddleware',
 'scrapy.downloadermiddlewares.defaultheaders.DefaultHeadersMiddleware',
 'scrapy.downloadermiddlewares.useragent.UserAgentMiddleware',
 'scrapy.downloadermiddlewares.retry.RetryMiddleware',
 'scrapy.downloadermiddlewares.redirect.MetaRefreshMiddleware',
 'scrapy.downloadermiddlewares.httpcompression.HttpCompressionMiddleware',
 'scrapy.downloadermiddlewares.redirect.RedirectMiddleware',
 'scrapy.downloadermiddlewares.cookies.CookiesMiddleware',
 'scrapy.downloadermiddlewares.httpproxy.HttpProxyMiddleware',
 'scrapy.downloadermiddlewares.stats.DownloaderStats']
2026-08-31 12:20:02 [scrapy.middleware] INFO: Enabled spider middlewares:
['scrapy.spidermiddlewares.start.StartSpiderMiddleware',
 'scrapy.spidermiddlewares.httperror.HttpErrorMiddleware',
 'scrapy.spidermiddlewares.referer.RefererMiddleware',
 'scrapy.spidermiddlewares.urllength.UrlLengthMiddleware',
 'scrapy.spidermiddlewares.depth.DepthMiddleware']
2026-08-31 12:20:02 [scrapy.middleware] INFO: Enabled item pipelines:
['web_scraper.pipelines.WebScraperPipeline']
2026-08-31 12:20:02 [py.warnings] WARNING: /home/pc/Documents/web scrapy/web_scraper/.venv/lib/python3.13/site-packages/scrapy/pipelines/__init__.py:43: ScrapyDeprecationWarning: WebScraperPipeline.open_spider() requires a spider argument, this is deprecated and the argument will not be passed in future Scrapy versions. If you need to access the spider instance you can save the crawler instance passed to from_crawler() and use its spider attribute.
  self._check_mw_method_spider_arg(mw.open_spider)

2026-08-31 12:20:02 [py.warnings] WARNING: /home/pc/Documents/web scrapy/web_scraper/.venv/lib/python3.13/site-packages/scrapy/pipelines/__init__.py:46: ScrapyDeprecationWarning: WebScraperPipeline.close_spider() requires a spider argument, this is deprecated and the argument will not be passed in future Scrapy versions. If you need to access the spider instance you can save the crawler instance passed to from_crawler() and use its spider attribute.
  self._check_mw_method_spider_arg(mw.close_spider)

2026-08-31 12:20:02 [py.warnings] WARNING: /home/pc/Documents/web scrapy/web_scraper/.venv/lib/python3.13/site-packages/scrapy/pipelines/__init__.py:49: ScrapyDeprecationWarning: WebScraperPipeline.process_item() requires a spider argument, this is deprecated and the argument will not be passed in future Scrapy versions. If you need to access the spider instance you can save the crawler instance passed to from_crawler() and use its spider attribute.
  self._check_mw_method_spider_arg(mw.process_item)

2026-08-31 12:20:02 [scrapy.core.engine] INFO: Spider opened
2026-08-31 12:20:02 [scrapy.extensions.logstats] INFO: Crawled 0 pages (at 0 pages/min), scraped 0 items (at 0 items/min)
2026-08-31 12:20:02 [scrapy.extensions.telnet] INFO: Telnet console listening on 127.0.0.1:6024
2026-08-31 12:20:03 [scrapy.core.engine] DEBUG: Crawled (404) <GET https://call2.tgju.org/robots.txt> (referer: None)
2026-08-31 12:20:03 [protego._protego] DEBUG: Rule at line 2 without any user agent to enforce it on.
2026-08-31 12:20:03 [protego._protego] DEBUG: Rule at line 6 without any user agent to enforce it on.
2026-08-31 12:20:04 [scrapy.core.engine] DEBUG: Crawled (200) <GET https://call2.tgju.org/ajax.json?rev=Yt2ebnCSHS0J1dKrN7wGxtpR3g9t28WVgweDXFYgrGTcBEbsXyxKgBnDEcHq> (referer: None)
2026-08-31 12:20:04 [scrapy.core.scraper] DEBUG: Scraped from <200 https://call2.tgju.org/ajax.json?rev=Yt2ebnCSHS0J1dKrN7wGxtpR3g9t28WVgweDXFYgrGTcBEbsXyxKgBnDEcHq>
{'coin': '2,194,800,000',
 'gold_18k': '218,925,000',
 'ons_gold': '4,435.15',
 'silver': '4,707,000',
 'timestamp': '2026-08-31  12:20:04'}
2026-08-31 12:20:04 [scrapy.core.engine] INFO: Closing spider (finished)
2026-08-31 12:20:04 [scrapy.statscollectors] INFO: Dumping Scrapy stats:
{'downloader/request_bytes': 514,
 'downloader/request_count': 2,
 'downloader/request_method_count/GET': 2,
 'downloader/response_bytes': 25766,
 'downloader/response_count': 2,
 'downloader/response_status_count/200': 1,
 'downloader/response_status_count/404': 1,
 'elapsed_time_seconds': 1.7750577029999022,
 'finish_reason': 'finished',
 'finish_time': datetime.datetime(2026, 8, 31, 8, 50, 4, 472649, tzinfo=datetime.timezone.utc),
 'httpcompression/response_bytes': 148219,
 'httpcompression/response_count': 2,
 'item_scraped_count': 1,
 'items_per_minute': 60.0,
 'log_count/DEBUG': 5,
 'log_count/INFO': 3,
 'memusage/max': 71364608,
 'memusage/startup': 71364608,
 'response_received_count': 2,
 'responses_per_minute': 120.0,
 'robotstxt/request_count': 1,
 'robotstxt/response_count': 1,
 'robotstxt/response_status_count/404': 1,
 'scheduler/dequeued': 1,
 'scheduler/dequeued/memory': 1,
 'scheduler/enqueued': 1,
 'scheduler/enqueued/memory': 1,
 'start_time': datetime.datetime(2026, 8, 31, 8, 50, 2, 697593, tzinfo=datetime.timezone.utc)}
2026-08-31 12:20:04 [scrapy.core.engine] INFO: Spider closed (finished)
Running cleaning...
<class 'pandas.DataFrame'>
RangeIndex: 10 entries, 0 to 9
Data columns (total 5 columns):
 #   Column     Non-Null Count  Dtype
---  ------     --------------  -----
 0   timestamp  10 non-null     str  
 1   gold_18k   10 non-null     str  
 2   ons_gold   10 non-null     str  
 3   silver     10 non-null     str  
 4   coin       10 non-null     str  
dtypes: str(5)
memory usage: 532.0 bytes
              timestamp     gold_18k  ons_gold     silver           coin
0  2026-08-29  11:08:52  217,464,000  4,454.08  4,598,700  2,160,100,000
1  2026-08-29  11:23:32  217,464,000  4,454.08  4,598,700  2,160,100,000
2  2026-08-29  11:43:33  217,464,000  4,454.08  4,598,700  2,160,100,000
3  2026-08-29  12:10:12  218,720,000  4,454.08  4,541,900  2,170,050,000
4  2026-08-29  12:49:05  218,720,000  4,454.08  4,541,900  2,170,050,000
<class 'pandas.DataFrame'>
RangeIndex: 10 entries, 0 to 9
Data columns (total 5 columns):
 #   Column     Non-Null Count  Dtype  
---  ------     --------------  -----  
 0   timestamp  10 non-null     str    
 1   gold_18k   10 non-null     str    
 2   ons_gold   10 non-null     float64
 3   silver     10 non-null     str    
 4   coin       10 non-null     str    
dtypes: float64(1), str(4)
memory usage: 532.0 bytes
None
<class 'pandas.DataFrame'>
RangeIndex: 10 entries, 0 to 9
Data columns (total 5 columns):
 #   Column     Non-Null Count  Dtype  
---  ------     --------------  -----  
 0   timestamp  10 non-null     str    
 1   gold_18k   10 non-null     str    
 2   ons_gold   10 non-null     float64
 3   silver     10 non-null     int64  
 4   coin       10 non-null     str    
dtypes: float64(1), int64(1), str(3)
memory usage: 532.0 bytes
None
<class 'pandas.DataFrame'>
RangeIndex: 10 entries, 0 to 9
Data columns (total 5 columns):
 #   Column     Non-Null Count  Dtype  
---  ------     --------------  -----  
 0   timestamp  10 non-null     str    
 1   gold_18k   10 non-null     str    
 2   ons_gold   10 non-null     float64
 3   silver     10 non-null     int64  
 4   coin       10 non-null     int64  
dtypes: float64(1), int64(2), str(2)
memory usage: 532.0 bytes
None
<class 'pandas.DataFrame'>
RangeIndex: 10 entries, 0 to 9
Data columns (total 5 columns):
 #   Column     Non-Null Count  Dtype  
---  ------     --------------  -----  
 0   timestamp  10 non-null     str    
 1   gold_18k   10 non-null     int64  
 2   ons_gold   10 non-null     float64
 3   silver     10 non-null     int64  
 4   coin       10 non-null     int64  
dtypes: float64(1), int64(3), str(1)
memory usage: 532.0 bytes
None
<class 'pandas.DataFrame'>
RangeIndex: 10 entries, 0 to 9
Data columns (total 5 columns):
 #   Column     Non-Null Count  Dtype         
---  ------     --------------  -----         
 0   timestamp  10 non-null     datetime64[us]
 1   gold_18k   10 non-null     int64         
 2   ons_gold   10 non-null     float64       
 3   silver     10 non-null     int64         
 4   coin       10 non-null     int64         
dtypes: datetime64[us](1), float64(1), int64(3)
memory usage: 532.0 bytes
            timestamp   gold_18k  ons_gold   silver        coin
0 2026-08-29 11:08:52  217464000   4454.08  4598700  2160100000
1 2026-08-29 11:23:32  217464000   4454.08  4598700  2160100000
2 2026-08-29 11:43:33  217464000   4454.08  4598700  2160100000
3 2026-08-29 12:10:12  218720000   4454.08  4541900  2170050000
4 2026-08-29 12:49:05  218720000   4454.08  4541900  2170050000
DONE
2026-08-31 12:21:02 [scrapy.extensions.logstats] INFO: Crawled 0 pages (at 0 pages/min), scraped 0 items (at 0 items/min)
2026-08-31 12:22:02 [scrapy.extensions.logstats] INFO: Crawled 0 pages (at 0 pages/min), scraped 0 items (at 0 items/min)
2026-08-31 12:22:35 [scrapy.downloadermiddlewares.retry] ERROR: Gave up retrying <GET https://call2.tgju.org/ajax.json?rev=Yt2ebnCSHS0J1dKrN7wGxtpR3g9t28WVgweDXFYgrGTcBEbsXyxKgBnDEcHq> (failed 3 times): Getting https://call2.tgju.org/ajax.json?rev=Yt2ebnCSHS0J1dKrN7wGxtpR3g9t28WVgweDXFYgrGTcBEbsXyxKgBnDEcHq took longer than 180.0 seconds.
2026-08-31 12:22:35 [scrapy.core.scraper] ERROR: Error downloading <GET https://call2.tgju.org/ajax.json?rev=Yt2ebnCSHS0J1dKrN7wGxtpR3g9t28WVgweDXFYgrGTcBEbsXyxKgBnDEcHq>
Traceback (most recent call last):
  File "/home/pc/Documents/web scrapy/web_scraper/.venv/lib/python3.13/site-packages/twisted/internet/defer.py", line 1834, in _inlineCallbacks
    result = context.run(
        cast(Failure, result).throwExceptionIntoGenerator, gen
    )
  File "/home/pc/Documents/web scrapy/web_scraper/.venv/lib/python3.13/site-packages/twisted/python/failure.py", line 467, in throwExceptionIntoGenerator
    return g.throw(self.value.with_traceback(self.tb))
           ~~~~~~~^^^^^^^^^^^^^^^^^^^^^^^^^^^^^^^^^^^^
  File "/home/pc/Documents/web scrapy/web_scraper/.venv/lib/python3.13/site-packages/scrapy/core/engine.py", line 497, in _download
    result = yield self.downloader.fetch(request)
             ^^^^^^^^^^^^^^^^^^^^^^^^^^^^^^^^^^^^
  File "/home/pc/Documents/web scrapy/web_scraper/.venv/lib/python3.13/site-packages/twisted/internet/defer.py", line 1834, in _inlineCallbacks
    result = context.run(
        cast(Failure, result).throwExceptionIntoGenerator, gen
    )
  File "/home/pc/Documents/web scrapy/web_scraper/.venv/lib/python3.13/site-packages/twisted/python/failure.py", line 467, in throwExceptionIntoGenerator
    return g.throw(self.value.with_traceback(self.tb))
           ~~~~~~~^^^^^^^^^^^^^^^^^^^^^^^^^^^^^^^^^^^^
  File "/home/pc/Documents/web scrapy/web_scraper/.venv/lib/python3.13/site-packages/scrapy/core/downloader/__init__.py", line 131, in fetch
    result: Response | Request = yield (
                                 ^^^^^^^
    ...<3 lines>...
    )
    ^
  File "/home/pc/Documents/web scrapy/web_scraper/.venv/lib/python3.13/site-packages/twisted/internet/defer.py", line 1247, in adapt
    extracted: _SelfResultT | Failure = result.result()
                                        ~~~~~~~~~~~~~^^
  File "/home/pc/Documents/web scrapy/web_scraper/.venv/lib/python3.13/site-packages/scrapy/core/downloader/middleware.py", line 87, in download_async
    result = await self._process_exception(ex, request)
             ^^^^^^^^^^^^^^^^^^^^^^^^^^^^^^^^^^^^^^^^^^
  File "/home/pc/Documents/web scrapy/web_scraper/.venv/lib/python3.13/site-packages/scrapy/core/downloader/middleware.py", line 156, in _process_exception
    raise exception
  File "/home/pc/Documents/web scrapy/web_scraper/.venv/lib/python3.13/site-packages/scrapy/core/downloader/middleware.py", line 80, in download_async
    result: Response | Request = await self._process_request(
                                 ^^^^^^^^^^^^^^^^^^^^^^^^^^^^
        request, download_func
        ^^^^^^^^^^^^^^^^^^^^^^
    )
    ^
  File "/home/pc/Documents/web scrapy/web_scraper/.venv/lib/python3.13/site-packages/scrapy/core/downloader/middleware.py", line 114, in _process_request
    return await download_func(request)
           ^^^^^^^^^^^^^^^^^^^^^^^^^^^^
  File "/home/pc/Documents/web scrapy/web_scraper/.venv/lib/python3.13/site-packages/scrapy/core/downloader/__init__.py", line 191, in _enqueue_request
    return await maybe_deferred_to_future(d)  # fired in _wait_for_download()
           ^^^^^^^^^^^^^^^^^^^^^^^^^^^^^^^^^
  File "/home/pc/Documents/web scrapy/web_scraper/.venv/lib/python3.13/site-packages/scrapy/core/downloader/__init__.py", line 258, in _wait_for_download
    response = await self._download(slot, request)
               ^^^^^^^^^^^^^^^^^^^^^^^^^^^^^^^^^^^
  File "/home/pc/Documents/web scrapy/web_scraper/.venv/lib/python3.13/site-packages/scrapy/core/downloader/__init__.py", line 228, in _download
    response: Response = await self.handlers.download_request_async(request)
                         ^^^^^^^^^^^^^^^^^^^^^^^^^^^^^^^^^^^^^^^^^^^^^^^^^^^
  File "/home/pc/Documents/web scrapy/web_scraper/.venv/lib/python3.13/site-packages/scrapy/core/downloader/handlers/__init__.py", line 156, in download_request_async
    return await handler.download_request(request)
           ^^^^^^^^^^^^^^^^^^^^^^^^^^^^^^^^^^^^^^^
  File "/home/pc/Documents/web scrapy/web_scraper/.venv/lib/python3.13/site-packages/scrapy/core/downloader/handlers/http11.py", line 130, in download_request
    return await maybe_deferred_to_future(agent.download_request(request))
           ^^^^^^^^^^^^^^^^^^^^^^^^^^^^^^^^^^^^^^^^^^^^^^^^^^^^^^^^^^^^^^^
  File "/home/pc/Documents/web scrapy/web_scraper/.venv/lib/python3.13/site-packages/twisted/internet/defer.py", line 1082, in _runCallbacks
    current.result = callback(  # type: ignore[misc]
                     ~~~~~~~~^^^^^^^^^^^^^^^^^^^^^^^
        current.result, *args, **kwargs
        ^^^^^^^^^^^^^^^^^^^^^^^^^^^^^^^
    )
    ^
  File "/home/pc/Documents/web scrapy/web_scraper/.venv/lib/python3.13/site-packages/scrapy/core/downloader/handlers/http11.py", line 494, in _cb_timeout
    raise DownloadTimeoutError(f"Getting {url} took longer than {timeout} seconds.")
scrapy.exceptions.DownloadTimeoutError: Getting https://call2.tgju.org/ajax.json?rev=Yt2ebnCSHS0J1dKrN7wGxtpR3g9t28WVgweDXFYgrGTcBEbsXyxKgBnDEcHq took longer than 180.0 seconds.
2026-08-31 12:22:35 [scrapy.core.engine] INFO: Closing spider (finished)
2026-08-31 12:22:35 [scrapy.statscollectors] INFO: Dumping Scrapy stats:
{'downloader/exception_count': 6,
 'downloader/exception_type_count/scrapy.exceptions.DownloadFailedError': 2,
 'downloader/exception_type_count/scrapy.exceptions.DownloadTimeoutError': 4,
 'downloader/request_bytes': 1542,
 'downloader/request_count': 6,
 'downloader/request_method_count/GET': 6,
 'elapsed_time_seconds': 753.002722335,
 'finish_reason': 'finished',
 'finish_time': datetime.datetime(2026, 8, 31, 8, 52, 35, 576728, tzinfo=datetime.timezone.utc),
 'items_per_minute': 0.0,
 'log_count/DEBUG': 4,
 'log_count/ERROR': 4,
 'log_count/INFO': 15,
 'memusage/max': 73076736,
 'memusage/startup': 71442432,
 'responses_per_minute': 0.0,
 'retry/count': 4,
 'retry/max_reached': 2,
 'retry/reason_count/scrapy.exceptions.DownloadFailedError': 2,
 'retry/reason_count/scrapy.exceptions.DownloadTimeoutError': 2,
 "robotstxt/exception_count/<class 'scrapy.exceptions.DownloadTimeoutError'>": 1,
 'robotstxt/request_count': 1,
 'scheduler/dequeued': 3,
 'scheduler/dequeued/memory': 3,
 'scheduler/enqueued': 3,
 'scheduler/enqueued/memory': 3,
 'start_time': datetime.datetime(2026, 8, 31, 8, 40, 2, 574006, tzinfo=datetime.timezone.utc)}
2026-08-31 12:22:35 [scrapy.core.engine] INFO: Spider closed (finished)
Running cleaning...
<class 'pandas.DataFrame'>
RangeIndex: 10 entries, 0 to 9
Data columns (total 5 columns):
 #   Column     Non-Null Count  Dtype
---  ------     --------------  -----
 0   timestamp  10 non-null     str  
 1   gold_18k   10 non-null     str  
 2   ons_gold   10 non-null     str  
 3   silver     10 non-null     str  
 4   coin       10 non-null     str  
dtypes: str(5)
memory usage: 532.0 bytes
              timestamp     gold_18k  ons_gold     silver           coin
0  2026-08-29  11:08:52  217,464,000  4,454.08  4,598,700  2,160,100,000
1  2026-08-29  11:23:32  217,464,000  4,454.08  4,598,700  2,160,100,000
2  2026-08-29  11:43:33  217,464,000  4,454.08  4,598,700  2,160,100,000
3  2026-08-29  12:10:12  218,720,000  4,454.08  4,541,900  2,170,050,000
4  2026-08-29  12:49:05  218,720,000  4,454.08  4,541,900  2,170,050,000
<class 'pandas.DataFrame'>
RangeIndex: 10 entries, 0 to 9
Data columns (total 5 columns):
 #   Column     Non-Null Count  Dtype  
---  ------     --------------  -----  
 0   timestamp  10 non-null     str    
 1   gold_18k   10 non-null     str    
 2   ons_gold   10 non-null     float64
 3   silver     10 non-null     str    
 4   coin       10 non-null     str    
dtypes: float64(1), str(4)
memory usage: 532.0 bytes
None
<class 'pandas.DataFrame'>
RangeIndex: 10 entries, 0 to 9
Data columns (total 5 columns):
 #   Column     Non-Null Count  Dtype  
---  ------     --------------  -----  
 0   timestamp  10 non-null     str    
 1   gold_18k   10 non-null     str    
 2   ons_gold   10 non-null     float64
 3   silver     10 non-null     int64  
 4   coin       10 non-null     str    
dtypes: float64(1), int64(1), str(3)
memory usage: 532.0 bytes
None
<class 'pandas.DataFrame'>
RangeIndex: 10 entries, 0 to 9
Data columns (total 5 columns):
 #   Column     Non-Null Count  Dtype  
---  ------     --------------  -----  
 0   timestamp  10 non-null     str    
 1   gold_18k   10 non-null     str    
 2   ons_gold   10 non-null     float64
 3   silver     10 non-null     int64  
 4   coin       10 non-null     int64  
dtypes: float64(1), int64(2), str(2)
memory usage: 532.0 bytes
None
<class 'pandas.DataFrame'>
RangeIndex: 10 entries, 0 to 9
Data columns (total 5 columns):
 #   Column     Non-Null Count  Dtype  
---  ------     --------------  -----  
 0   timestamp  10 non-null     str    
 1   gold_18k   10 non-null     int64  
 2   ons_gold   10 non-null     float64
 3   silver     10 non-null     int64  
 4   coin       10 non-null     int64  
dtypes: float64(1), int64(3), str(1)
memory usage: 532.0 bytes
None
<class 'pandas.DataFrame'>
RangeIndex: 10 entries, 0 to 9
Data columns (total 5 columns):
 #   Column     Non-Null Count  Dtype         
---  ------     --------------  -----         
 0   timestamp  10 non-null     datetime64[us]
 1   gold_18k   10 non-null     int64         
 2   ons_gold   10 non-null     float64       
 3   silver     10 non-null     int64         
 4   coin       10 non-null     int64         
dtypes: datetime64[us](1), float64(1), int64(3)
memory usage: 532.0 bytes
            timestamp   gold_18k  ons_gold   silver        coin
0 2026-08-29 11:08:52  217464000   4454.08  4598700  2160100000
1 2026-08-29 11:23:32  217464000   4454.08  4598700  2160100000
2 2026-08-29 11:43:33  217464000   4454.08  4598700  2160100000
3 2026-08-29 12:10:12  218720000   4454.08  4541900  2170050000
4 2026-08-29 12:49:05  218720000   4454.08  4541900  2170050000
DONE
Running Scrapy...
2026-08-31 12:30:01 [scrapy.utils.log] INFO: Scrapy 2.17.0 started (bot: web_scraper)
2026-08-31 12:30:01 [scrapy.utils.log] INFO: Versions:
{'lxml': '6.1.1',
 'libxml2': '2.14.6',
 'cssselect': '1.5.0',
 'parsel': '1.11.0',
 'w3lib': '2.4.1',
 'Twisted': '26.4.0',
 'Python': '3.13.7 (main, Mar  3 2026, 12:19:54) [GCC 15.2.0]',
 'pyOpenSSL': '26.4.0 (OpenSSL 4.0.1 9 Jun 2026)',
 'cryptography': '50.0.0',
 'Platform': 'Linux-6.17.0-41-generic-x86_64-with-glibc2.42'}
2026-08-31 12:30:01 [scrapy.crawler] DEBUG: Using AsyncCrawlerProcess
2026-08-31 12:30:01 [asyncio] DEBUG: Using selector: EpollSelector
2026-08-31 12:30:01 [scrapy.addons] INFO: Enabled addons:
[]
2026-08-31 12:30:01 [scrapy.utils.log] DEBUG: Using reactor: twisted.internet.asyncioreactor.AsyncioSelectorReactor
2026-08-31 12:30:01 [scrapy.utils.log] DEBUG: Using asyncio event loop: asyncio.unix_events._UnixSelectorEventLoop
2026-08-31 12:30:01 [scrapy.extensions.telnet] INFO: Telnet Password: 1f13ff3807ffca9e
2026-08-31 12:30:01 [scrapy.middleware] INFO: Enabled extensions:
['scrapy.extensions.corestats.CoreStats',
 'scrapy.extensions.logcount.LogCount',
 'scrapy.extensions.telnet.TelnetConsole',
 'scrapy.extensions.memusage.MemoryUsage',
 'scrapy.extensions.logstats.LogStats']
2026-08-31 12:30:01 [scrapy.crawler] INFO: Overridden settings:
{'BOT_NAME': 'web_scraper',
 'CONCURRENT_REQUESTS_PER_DOMAIN': 1,
 'DOWNLOAD_DELAY': 1,
 'FEED_EXPORT_ENCODING': 'utf-8',
 'NEWSPIDER_MODULE': 'web_scraper.spiders',
 'ROBOTSTXT_OBEY': True,
 'SPIDER_MODULES': ['web_scraper.spiders']}
2026-08-31 12:30:02 [scrapy.middleware] INFO: Enabled downloader middlewares:
['scrapy.downloadermiddlewares.offsite.OffsiteMiddleware',
 'scrapy.downloadermiddlewares.robotstxt.RobotsTxtMiddleware',
 'scrapy.downloadermiddlewares.httpauth.HttpAuthMiddleware',
 'scrapy.downloadermiddlewares.downloadtimeout.DownloadTimeoutMiddleware',
 'scrapy.downloadermiddlewares.defaultheaders.DefaultHeadersMiddleware',
 'scrapy.downloadermiddlewares.useragent.UserAgentMiddleware',
 'scrapy.downloadermiddlewares.retry.RetryMiddleware',
 'scrapy.downloadermiddlewares.redirect.MetaRefreshMiddleware',
 'scrapy.downloadermiddlewares.httpcompression.HttpCompressionMiddleware',
 'scrapy.downloadermiddlewares.redirect.RedirectMiddleware',
 'scrapy.downloadermiddlewares.cookies.CookiesMiddleware',
 'scrapy.downloadermiddlewares.httpproxy.HttpProxyMiddleware',
 'scrapy.downloadermiddlewares.stats.DownloaderStats']
2026-08-31 12:30:02 [scrapy.middleware] INFO: Enabled spider middlewares:
['scrapy.spidermiddlewares.start.StartSpiderMiddleware',
 'scrapy.spidermiddlewares.httperror.HttpErrorMiddleware',
 'scrapy.spidermiddlewares.referer.RefererMiddleware',
 'scrapy.spidermiddlewares.urllength.UrlLengthMiddleware',
 'scrapy.spidermiddlewares.depth.DepthMiddleware']
2026-08-31 12:30:02 [scrapy.middleware] INFO: Enabled item pipelines:
['web_scraper.pipelines.WebScraperPipeline']
2026-08-31 12:30:02 [py.warnings] WARNING: /home/pc/Documents/web scrapy/web_scraper/.venv/lib/python3.13/site-packages/scrapy/pipelines/__init__.py:43: ScrapyDeprecationWarning: WebScraperPipeline.open_spider() requires a spider argument, this is deprecated and the argument will not be passed in future Scrapy versions. If you need to access the spider instance you can save the crawler instance passed to from_crawler() and use its spider attribute.
  self._check_mw_method_spider_arg(mw.open_spider)

2026-08-31 12:30:02 [py.warnings] WARNING: /home/pc/Documents/web scrapy/web_scraper/.venv/lib/python3.13/site-packages/scrapy/pipelines/__init__.py:46: ScrapyDeprecationWarning: WebScraperPipeline.close_spider() requires a spider argument, this is deprecated and the argument will not be passed in future Scrapy versions. If you need to access the spider instance you can save the crawler instance passed to from_crawler() and use its spider attribute.
  self._check_mw_method_spider_arg(mw.close_spider)

2026-08-31 12:30:02 [py.warnings] WARNING: /home/pc/Documents/web scrapy/web_scraper/.venv/lib/python3.13/site-packages/scrapy/pipelines/__init__.py:49: ScrapyDeprecationWarning: WebScraperPipeline.process_item() requires a spider argument, this is deprecated and the argument will not be passed in future Scrapy versions. If you need to access the spider instance you can save the crawler instance passed to from_crawler() and use its spider attribute.
  self._check_mw_method_spider_arg(mw.process_item)

2026-08-31 12:30:02 [scrapy.core.engine] INFO: Spider opened
2026-08-31 12:30:02 [scrapy.extensions.logstats] INFO: Crawled 0 pages (at 0 pages/min), scraped 0 items (at 0 items/min)
2026-08-31 12:30:02 [scrapy.extensions.telnet] INFO: Telnet console listening on 127.0.0.1:6023
2026-08-31 12:30:02 [scrapy.core.engine] DEBUG: Crawled (404) <GET https://call2.tgju.org/robots.txt> (referer: None)
2026-08-31 12:30:02 [protego._protego] DEBUG: Rule at line 2 without any user agent to enforce it on.
2026-08-31 12:30:02 [protego._protego] DEBUG: Rule at line 6 without any user agent to enforce it on.
2026-08-31 12:30:03 [scrapy.core.engine] DEBUG: Crawled (200) <GET https://call2.tgju.org/ajax.json?rev=Yt2ebnCSHS0J1dKrN7wGxtpR3g9t28WVgweDXFYgrGTcBEbsXyxKgBnDEcHq> (referer: None)
2026-08-31 12:30:03 [scrapy.core.scraper] DEBUG: Scraped from <200 https://call2.tgju.org/ajax.json?rev=Yt2ebnCSHS0J1dKrN7wGxtpR3g9t28WVgweDXFYgrGTcBEbsXyxKgBnDEcHq>
{'coin': '2,194,800,000',
 'gold_18k': '218,925,000',
 'ons_gold': '4,435.15',
 'silver': '4,707,000',
 'timestamp': '2026-08-31  12:30:03'}
2026-08-31 12:30:03 [scrapy.core.engine] INFO: Closing spider (finished)
2026-08-31 12:30:03 [scrapy.statscollectors] INFO: Dumping Scrapy stats:
{'downloader/request_bytes': 514,
 'downloader/request_count': 2,
 'downloader/request_method_count/GET': 2,
 'downloader/response_bytes': 25738,
 'downloader/response_count': 2,
 'downloader/response_status_count/200': 1,
 'downloader/response_status_count/404': 1,
 'elapsed_time_seconds': 1.7941382070002874,
 'finish_reason': 'finished',
 'finish_time': datetime.datetime(2026, 8, 31, 9, 0, 3, 928765, tzinfo=datetime.timezone.utc),
 'httpcompression/response_bytes': 148219,
 'httpcompression/response_count': 2,
 'item_scraped_count': 1,
 'items_per_minute': 60.0,
 'log_count/DEBUG': 5,
 'log_count/INFO': 3,
 'memusage/max': 71499776,
 'memusage/startup': 71499776,
 'response_received_count': 2,
 'responses_per_minute': 120.0,
 'robotstxt/request_count': 1,
 'robotstxt/response_count': 1,
 'robotstxt/response_status_count/404': 1,
 'scheduler/dequeued': 1,
 'scheduler/dequeued/memory': 1,
 'scheduler/enqueued': 1,
 'scheduler/enqueued/memory': 1,
 'start_time': datetime.datetime(2026, 8, 31, 9, 0, 2, 134631, tzinfo=datetime.timezone.utc)}
2026-08-31 12:30:03 [scrapy.core.engine] INFO: Spider closed (finished)
Running cleaning...
<class 'pandas.DataFrame'>
RangeIndex: 11 entries, 0 to 10
Data columns (total 5 columns):
 #   Column     Non-Null Count  Dtype
---  ------     --------------  -----
 0   timestamp  11 non-null     str  
 1   gold_18k   11 non-null     str  
 2   ons_gold   11 non-null     str  
 3   silver     11 non-null     str  
 4   coin       11 non-null     str  
dtypes: str(5)
memory usage: 572.0 bytes
              timestamp     gold_18k  ons_gold     silver           coin
0  2026-08-29  11:08:52  217,464,000  4,454.08  4,598,700  2,160,100,000
1  2026-08-29  11:23:32  217,464,000  4,454.08  4,598,700  2,160,100,000
2  2026-08-29  11:43:33  217,464,000  4,454.08  4,598,700  2,160,100,000
3  2026-08-29  12:10:12  218,720,000  4,454.08  4,541,900  2,170,050,000
4  2026-08-29  12:49:05  218,720,000  4,454.08  4,541,900  2,170,050,000
<class 'pandas.DataFrame'>
RangeIndex: 11 entries, 0 to 10
Data columns (total 5 columns):
 #   Column     Non-Null Count  Dtype  
---  ------     --------------  -----  
 0   timestamp  11 non-null     str    
 1   gold_18k   11 non-null     str    
 2   ons_gold   11 non-null     float64
 3   silver     11 non-null     str    
 4   coin       11 non-null     str    
dtypes: float64(1), str(4)
memory usage: 572.0 bytes
None
<class 'pandas.DataFrame'>
RangeIndex: 11 entries, 0 to 10
Data columns (total 5 columns):
 #   Column     Non-Null Count  Dtype  
---  ------     --------------  -----  
 0   timestamp  11 non-null     str    
 1   gold_18k   11 non-null     str    
 2   ons_gold   11 non-null     float64
 3   silver     11 non-null     int64  
 4   coin       11 non-null     str    
dtypes: float64(1), int64(1), str(3)
memory usage: 572.0 bytes
None
<class 'pandas.DataFrame'>
RangeIndex: 11 entries, 0 to 10
Data columns (total 5 columns):
 #   Column     Non-Null Count  Dtype  
---  ------     --------------  -----  
 0   timestamp  11 non-null     str    
 1   gold_18k   11 non-null     str    
 2   ons_gold   11 non-null     float64
 3   silver     11 non-null     int64  
 4   coin       11 non-null     int64  
dtypes: float64(1), int64(2), str(2)
memory usage: 572.0 bytes
None
<class 'pandas.DataFrame'>
RangeIndex: 11 entries, 0 to 10
Data columns (total 5 columns):
 #   Column     Non-Null Count  Dtype  
---  ------     --------------  -----  
 0   timestamp  11 non-null     str    
 1   gold_18k   11 non-null     int64  
 2   ons_gold   11 non-null     float64
 3   silver     11 non-null     int64  
 4   coin       11 non-null     int64  
dtypes: float64(1), int64(3), str(1)
memory usage: 572.0 bytes
None
<class 'pandas.DataFrame'>
RangeIndex: 11 entries, 0 to 10
Data columns (total 5 columns):
 #   Column     Non-Null Count  Dtype         
---  ------     --------------  -----         
 0   timestamp  11 non-null     datetime64[us]
 1   gold_18k   11 non-null     int64         
 2   ons_gold   11 non-null     float64       
 3   silver     11 non-null     int64         
 4   coin       11 non-null     int64         
dtypes: datetime64[us](1), float64(1), int64(3)
memory usage: 572.0 bytes
            timestamp   gold_18k  ons_gold   silver        coin
0 2026-08-29 11:08:52  217464000   4454.08  4598700  2160100000
1 2026-08-29 11:23:32  217464000   4454.08  4598700  2160100000
2 2026-08-29 11:43:33  217464000   4454.08  4598700  2160100000
3 2026-08-29 12:10:12  218720000   4454.08  4541900  2170050000
4 2026-08-29 12:49:05  218720000   4454.08  4541900  2170050000
DONE
Running Scrapy...
2026-08-31 12:40:01 [scrapy.utils.log] INFO: Scrapy 2.17.0 started (bot: web_scraper)
2026-08-31 12:40:01 [scrapy.utils.log] INFO: Versions:
{'lxml': '6.1.1',
 'libxml2': '2.14.6',
 'cssselect': '1.5.0',
 'parsel': '1.11.0',
 'w3lib': '2.4.1',
 'Twisted': '26.4.0',
 'Python': '3.13.7 (main, Mar  3 2026, 12:19:54) [GCC 15.2.0]',
 'pyOpenSSL': '26.4.0 (OpenSSL 4.0.1 9 Jun 2026)',
 'cryptography': '50.0.0',
 'Platform': 'Linux-6.17.0-41-generic-x86_64-with-glibc2.42'}
2026-08-31 12:40:01 [scrapy.crawler] DEBUG: Using AsyncCrawlerProcess
2026-08-31 12:40:01 [asyncio] DEBUG: Using selector: EpollSelector
2026-08-31 12:40:01 [scrapy.addons] INFO: Enabled addons:
[]
2026-08-31 12:40:01 [scrapy.utils.log] DEBUG: Using reactor: twisted.internet.asyncioreactor.AsyncioSelectorReactor
2026-08-31 12:40:01 [scrapy.utils.log] DEBUG: Using asyncio event loop: asyncio.unix_events._UnixSelectorEventLoop
2026-08-31 12:40:01 [scrapy.extensions.telnet] INFO: Telnet Password: 490d1c9ccdf77451
2026-08-31 12:40:01 [scrapy.middleware] INFO: Enabled extensions:
['scrapy.extensions.corestats.CoreStats',
 'scrapy.extensions.logcount.LogCount',
 'scrapy.extensions.telnet.TelnetConsole',
 'scrapy.extensions.memusage.MemoryUsage',
 'scrapy.extensions.logstats.LogStats']
2026-08-31 12:40:01 [scrapy.crawler] INFO: Overridden settings:
{'BOT_NAME': 'web_scraper',
 'CONCURRENT_REQUESTS_PER_DOMAIN': 1,
 'DOWNLOAD_DELAY': 1,
 'FEED_EXPORT_ENCODING': 'utf-8',
 'NEWSPIDER_MODULE': 'web_scraper.spiders',
 'ROBOTSTXT_OBEY': True,
 'SPIDER_MODULES': ['web_scraper.spiders']}
2026-08-31 12:40:01 [scrapy.middleware] INFO: Enabled downloader middlewares:
['scrapy.downloadermiddlewares.offsite.OffsiteMiddleware',
 'scrapy.downloadermiddlewares.robotstxt.RobotsTxtMiddleware',
 'scrapy.downloadermiddlewares.httpauth.HttpAuthMiddleware',
 'scrapy.downloadermiddlewares.downloadtimeout.DownloadTimeoutMiddleware',
 'scrapy.downloadermiddlewares.defaultheaders.DefaultHeadersMiddleware',
 'scrapy.downloadermiddlewares.useragent.UserAgentMiddleware',
 'scrapy.downloadermiddlewares.retry.RetryMiddleware',
 'scrapy.downloadermiddlewares.redirect.MetaRefreshMiddleware',
 'scrapy.downloadermiddlewares.httpcompression.HttpCompressionMiddleware',
 'scrapy.downloadermiddlewares.redirect.RedirectMiddleware',
 'scrapy.downloadermiddlewares.cookies.CookiesMiddleware',
 'scrapy.downloadermiddlewares.httpproxy.HttpProxyMiddleware',
 'scrapy.downloadermiddlewares.stats.DownloaderStats']
2026-08-31 12:40:01 [scrapy.middleware] INFO: Enabled spider middlewares:
['scrapy.spidermiddlewares.start.StartSpiderMiddleware',
 'scrapy.spidermiddlewares.httperror.HttpErrorMiddleware',
 'scrapy.spidermiddlewares.referer.RefererMiddleware',
 'scrapy.spidermiddlewares.urllength.UrlLengthMiddleware',
 'scrapy.spidermiddlewares.depth.DepthMiddleware']
2026-08-31 12:40:01 [scrapy.middleware] INFO: Enabled item pipelines:
['web_scraper.pipelines.WebScraperPipeline']
2026-08-31 12:40:01 [py.warnings] WARNING: /home/pc/Documents/web scrapy/web_scraper/.venv/lib/python3.13/site-packages/scrapy/pipelines/__init__.py:43: ScrapyDeprecationWarning: WebScraperPipeline.open_spider() requires a spider argument, this is deprecated and the argument will not be passed in future Scrapy versions. If you need to access the spider instance you can save the crawler instance passed to from_crawler() and use its spider attribute.
  self._check_mw_method_spider_arg(mw.open_spider)

2026-08-31 12:40:01 [py.warnings] WARNING: /home/pc/Documents/web scrapy/web_scraper/.venv/lib/python3.13/site-packages/scrapy/pipelines/__init__.py:46: ScrapyDeprecationWarning: WebScraperPipeline.close_spider() requires a spider argument, this is deprecated and the argument will not be passed in future Scrapy versions. If you need to access the spider instance you can save the crawler instance passed to from_crawler() and use its spider attribute.
  self._check_mw_method_spider_arg(mw.close_spider)

2026-08-31 12:40:01 [py.warnings] WARNING: /home/pc/Documents/web scrapy/web_scraper/.venv/lib/python3.13/site-packages/scrapy/pipelines/__init__.py:49: ScrapyDeprecationWarning: WebScraperPipeline.process_item() requires a spider argument, this is deprecated and the argument will not be passed in future Scrapy versions. If you need to access the spider instance you can save the crawler instance passed to from_crawler() and use its spider attribute.
  self._check_mw_method_spider_arg(mw.process_item)

2026-08-31 12:40:01 [scrapy.core.engine] INFO: Spider opened
2026-08-31 12:40:01 [scrapy.extensions.logstats] INFO: Crawled 0 pages (at 0 pages/min), scraped 0 items (at 0 items/min)
2026-08-31 12:40:01 [scrapy.extensions.telnet] INFO: Telnet console listening on 127.0.0.1:6023
2026-08-31 12:41:01 [scrapy.extensions.logstats] INFO: Crawled 0 pages (at 0 pages/min), scraped 0 items (at 0 items/min)
2026-08-31 12:42:01 [scrapy.extensions.logstats] INFO: Crawled 0 pages (at 0 pages/min), scraped 0 items (at 0 items/min)
2026-08-31 12:43:01 [scrapy.extensions.logstats] INFO: Crawled 0 pages (at 0 pages/min), scraped 0 items (at 0 items/min)
2026-08-31 12:43:02 [scrapy.downloadermiddlewares.retry] DEBUG: Retrying <GET https://call2.tgju.org/robots.txt> (failed 1 times): Getting https://call2.tgju.org/robots.txt took longer than 180.0 seconds.
2026-08-31 12:44:01 [scrapy.extensions.logstats] INFO: Crawled 0 pages (at 0 pages/min), scraped 0 items (at 0 items/min)
2026-08-31 12:45:01 [scrapy.extensions.logstats] INFO: Crawled 0 pages (at 0 pages/min), scraped 0 items (at 0 items/min)
2026-08-31 12:46:01 [scrapy.extensions.logstats] INFO: Crawled 0 pages (at 0 pages/min), scraped 0 items (at 0 items/min)
2026-08-31 12:46:02 [scrapy.downloadermiddlewares.retry] DEBUG: Retrying <GET https://call2.tgju.org/robots.txt> (failed 2 times): Getting https://call2.tgju.org/robots.txt took longer than 180.0 seconds.
2026-08-31 12:47:01 [scrapy.extensions.logstats] INFO: Crawled 0 pages (at 0 pages/min), scraped 0 items (at 0 items/min)
2026-08-31 12:48:01 [scrapy.extensions.logstats] INFO: Crawled 0 pages (at 0 pages/min), scraped 0 items (at 0 items/min)
2026-08-31 12:49:01 [scrapy.extensions.logstats] INFO: Crawled 0 pages (at 0 pages/min), scraped 0 items (at 0 items/min)
2026-08-31 12:49:02 [scrapy.downloadermiddlewares.retry] ERROR: Gave up retrying <GET https://call2.tgju.org/robots.txt> (failed 3 times): Getting https://call2.tgju.org/robots.txt took longer than 180.0 seconds.
2026-08-31 12:49:02 [scrapy.downloadermiddlewares.robotstxt] ERROR: Error downloading <GET https://call2.tgju.org/ajax.json?rev=Yt2ebnCSHS0J1dKrN7wGxtpR3g9t28WVgweDXFYgrGTcBEbsXyxKgBnDEcHq>: Getting https://call2.tgju.org/robots.txt took longer than 180.0 seconds.
Traceback (most recent call last):
  File "/home/pc/Documents/web scrapy/web_scraper/.venv/lib/python3.13/site-packages/scrapy/downloadermiddlewares/robotstxt.py", line 100, in robot_parser
    resp = await self.crawler.engine.download_async(robotsreq)
           ^^^^^^^^^^^^^^^^^^^^^^^^^^^^^^^^^^^^^^^^^^^^^^^^^^^
  File "/home/pc/Documents/web scrapy/web_scraper/.venv/lib/python3.13/site-packages/scrapy/core/engine.py", line 481, in download_async
    return await self.download_async(response_or_request)
           ^^^^^^^^^^^^^^^^^^^^^^^^^^^^^^^^^^^^^^^^^^^^^^
  File "/home/pc/Documents/web scrapy/web_scraper/.venv/lib/python3.13/site-packages/scrapy/core/engine.py", line 481, in download_async
    return await self.download_async(response_or_request)
           ^^^^^^^^^^^^^^^^^^^^^^^^^^^^^^^^^^^^^^^^^^^^^^
  File "/home/pc/Documents/web scrapy/web_scraper/.venv/lib/python3.13/site-packages/scrapy/core/engine.py", line 474, in download_async
    response_or_request = await maybe_deferred_to_future(
                          ^^^^^^^^^^^^^^^^^^^^^^^^^^^^^^^
        self._download(request)
        ^^^^^^^^^^^^^^^^^^^^^^^
    )
    ^
  File "/home/pc/Documents/web scrapy/web_scraper/.venv/lib/python3.13/site-packages/twisted/internet/defer.py", line 1834, in _inlineCallbacks
    result = context.run(
        cast(Failure, result).throwExceptionIntoGenerator, gen
    )
  File "/home/pc/Documents/web scrapy/web_scraper/.venv/lib/python3.13/site-packages/twisted/python/failure.py", line 467, in throwExceptionIntoGenerator
    return g.throw(self.value.with_traceback(self.tb))
           ~~~~~~~^^^^^^^^^^^^^^^^^^^^^^^^^^^^^^^^^^^^
  File "/home/pc/Documents/web scrapy/web_scraper/.venv/lib/python3.13/site-packages/scrapy/core/engine.py", line 497, in _download
    result = yield self.downloader.fetch(request)
             ^^^^^^^^^^^^^^^^^^^^^^^^^^^^^^^^^^^^
  File "/home/pc/Documents/web scrapy/web_scraper/.venv/lib/python3.13/site-packages/twisted/internet/defer.py", line 1834, in _inlineCallbacks
    result = context.run(
        cast(Failure, result).throwExceptionIntoGenerator, gen
    )
  File "/home/pc/Documents/web scrapy/web_scraper/.venv/lib/python3.13/site-packages/twisted/python/failure.py", line 467, in throwExceptionIntoGenerator
    return g.throw(self.value.with_traceback(self.tb))
           ~~~~~~~^^^^^^^^^^^^^^^^^^^^^^^^^^^^^^^^^^^^
  File "/home/pc/Documents/web scrapy/web_scraper/.venv/lib/python3.13/site-packages/scrapy/core/downloader/__init__.py", line 131, in fetch
    result: Response | Request = yield (
                                 ^^^^^^^
    ...<3 lines>...
    )
    ^
  File "/home/pc/Documents/web scrapy/web_scraper/.venv/lib/python3.13/site-packages/twisted/internet/defer.py", line 1247, in adapt
    extracted: _SelfResultT | Failure = result.result()
                                        ~~~~~~~~~~~~~^^
  File "/home/pc/Documents/web scrapy/web_scraper/.venv/lib/python3.13/site-packages/scrapy/core/downloader/middleware.py", line 87, in download_async
    result = await self._process_exception(ex, request)
             ^^^^^^^^^^^^^^^^^^^^^^^^^^^^^^^^^^^^^^^^^^
  File "/home/pc/Documents/web scrapy/web_scraper/.venv/lib/python3.13/site-packages/scrapy/core/downloader/middleware.py", line 156, in _process_exception
    raise exception
  File "/home/pc/Documents/web scrapy/web_scraper/.venv/lib/python3.13/site-packages/scrapy/core/downloader/middleware.py", line 80, in download_async
    result: Response | Request = await self._process_request(
                                 ^^^^^^^^^^^^^^^^^^^^^^^^^^^^
        request, download_func
        ^^^^^^^^^^^^^^^^^^^^^^
    )
    ^
  File "/home/pc/Documents/web scrapy/web_scraper/.venv/lib/python3.13/site-packages/scrapy/core/downloader/middleware.py", line 114, in _process_request
    return await download_func(request)
           ^^^^^^^^^^^^^^^^^^^^^^^^^^^^
  File "/home/pc/Documents/web scrapy/web_scraper/.venv/lib/python3.13/site-packages/scrapy/core/downloader/__init__.py", line 191, in _enqueue_request
    return await maybe_deferred_to_future(d)  # fired in _wait_for_download()
           ^^^^^^^^^^^^^^^^^^^^^^^^^^^^^^^^^
  File "/home/pc/Documents/web scrapy/web_scraper/.venv/lib/python3.13/site-packages/scrapy/core/downloader/__init__.py", line 258, in _wait_for_download
    response = await self._download(slot, request)
               ^^^^^^^^^^^^^^^^^^^^^^^^^^^^^^^^^^^
  File "/home/pc/Documents/web scrapy/web_scraper/.venv/lib/python3.13/site-packages/scrapy/core/downloader/__init__.py", line 228, in _download
    response: Response = await self.handlers.download_request_async(request)
                         ^^^^^^^^^^^^^^^^^^^^^^^^^^^^^^^^^^^^^^^^^^^^^^^^^^^
  File "/home/pc/Documents/web scrapy/web_scraper/.venv/lib/python3.13/site-packages/scrapy/core/downloader/handlers/__init__.py", line 156, in download_request_async
    return await handler.download_request(request)
           ^^^^^^^^^^^^^^^^^^^^^^^^^^^^^^^^^^^^^^^
  File "/home/pc/Documents/web scrapy/web_scraper/.venv/lib/python3.13/site-packages/scrapy/core/downloader/handlers/http11.py", line 130, in download_request
    return await maybe_deferred_to_future(agent.download_request(request))
           ^^^^^^^^^^^^^^^^^^^^^^^^^^^^^^^^^^^^^^^^^^^^^^^^^^^^^^^^^^^^^^^
  File "/home/pc/Documents/web scrapy/web_scraper/.venv/lib/python3.13/site-packages/twisted/internet/defer.py", line 1082, in _runCallbacks
    current.result = callback(  # type: ignore[misc]
                     ~~~~~~~~^^^^^^^^^^^^^^^^^^^^^^^
        current.result, *args, **kwargs
        ^^^^^^^^^^^^^^^^^^^^^^^^^^^^^^^
    )
    ^
  File "/home/pc/Documents/web scrapy/web_scraper/.venv/lib/python3.13/site-packages/scrapy/core/downloader/handlers/http11.py", line 494, in _cb_timeout
    raise DownloadTimeoutError(f"Getting {url} took longer than {timeout} seconds.")
scrapy.exceptions.DownloadTimeoutError: Getting https://call2.tgju.org/robots.txt took longer than 180.0 seconds.
Running Scrapy...
2026-08-31 12:50:01 [scrapy.utils.log] INFO: Scrapy 2.17.0 started (bot: web_scraper)
2026-08-31 12:50:01 [scrapy.utils.log] INFO: Versions:
{'lxml': '6.1.1',
 'libxml2': '2.14.6',
 'cssselect': '1.5.0',
 'parsel': '1.11.0',
 'w3lib': '2.4.1',
 'Twisted': '26.4.0',
 'Python': '3.13.7 (main, Mar  3 2026, 12:19:54) [GCC 15.2.0]',
 'pyOpenSSL': '26.4.0 (OpenSSL 4.0.1 9 Jun 2026)',
 'cryptography': '50.0.0',
 'Platform': 'Linux-6.17.0-41-generic-x86_64-with-glibc2.42'}
2026-08-31 12:50:01 [scrapy.crawler] DEBUG: Using AsyncCrawlerProcess
2026-08-31 12:50:01 [asyncio] DEBUG: Using selector: EpollSelector
2026-08-31 12:50:01 [scrapy.addons] INFO: Enabled addons:
[]
2026-08-31 12:50:01 [scrapy.utils.log] DEBUG: Using reactor: twisted.internet.asyncioreactor.AsyncioSelectorReactor
2026-08-31 12:50:01 [scrapy.utils.log] DEBUG: Using asyncio event loop: asyncio.unix_events._UnixSelectorEventLoop
2026-08-31 12:50:01 [scrapy.extensions.telnet] INFO: Telnet Password: b285fa876122b233
2026-08-31 12:50:01 [scrapy.middleware] INFO: Enabled extensions:
['scrapy.extensions.corestats.CoreStats',
 'scrapy.extensions.logcount.LogCount',
 'scrapy.extensions.telnet.TelnetConsole',
 'scrapy.extensions.memusage.MemoryUsage',
 'scrapy.extensions.logstats.LogStats']
2026-08-31 12:50:01 [scrapy.crawler] INFO: Overridden settings:
{'BOT_NAME': 'web_scraper',
 'CONCURRENT_REQUESTS_PER_DOMAIN': 1,
 'DOWNLOAD_DELAY': 1,
 'FEED_EXPORT_ENCODING': 'utf-8',
 'NEWSPIDER_MODULE': 'web_scraper.spiders',
 'ROBOTSTXT_OBEY': True,
 'SPIDER_MODULES': ['web_scraper.spiders']}
2026-08-31 12:50:01 [scrapy.extensions.logstats] INFO: Crawled 0 pages (at 0 pages/min), scraped 0 items (at 0 items/min)
2026-08-31 12:50:01 [scrapy.middleware] INFO: Enabled downloader middlewares:
['scrapy.downloadermiddlewares.offsite.OffsiteMiddleware',
 'scrapy.downloadermiddlewares.robotstxt.RobotsTxtMiddleware',
 'scrapy.downloadermiddlewares.httpauth.HttpAuthMiddleware',
 'scrapy.downloadermiddlewares.downloadtimeout.DownloadTimeoutMiddleware',
 'scrapy.downloadermiddlewares.defaultheaders.DefaultHeadersMiddleware',
 'scrapy.downloadermiddlewares.useragent.UserAgentMiddleware',
 'scrapy.downloadermiddlewares.retry.RetryMiddleware',
 'scrapy.downloadermiddlewares.redirect.MetaRefreshMiddleware',
 'scrapy.downloadermiddlewares.httpcompression.HttpCompressionMiddleware',
 'scrapy.downloadermiddlewares.redirect.RedirectMiddleware',
 'scrapy.downloadermiddlewares.cookies.CookiesMiddleware',
 'scrapy.downloadermiddlewares.httpproxy.HttpProxyMiddleware',
 'scrapy.downloadermiddlewares.stats.DownloaderStats']
2026-08-31 12:50:01 [scrapy.middleware] INFO: Enabled spider middlewares:
['scrapy.spidermiddlewares.start.StartSpiderMiddleware',
 'scrapy.spidermiddlewares.httperror.HttpErrorMiddleware',
 'scrapy.spidermiddlewares.referer.RefererMiddleware',
 'scrapy.spidermiddlewares.urllength.UrlLengthMiddleware',
 'scrapy.spidermiddlewares.depth.DepthMiddleware']
2026-08-31 12:50:01 [scrapy.middleware] INFO: Enabled item pipelines:
['web_scraper.pipelines.WebScraperPipeline']
2026-08-31 12:50:01 [py.warnings] WARNING: /home/pc/Documents/web scrapy/web_scraper/.venv/lib/python3.13/site-packages/scrapy/pipelines/__init__.py:43: ScrapyDeprecationWarning: WebScraperPipeline.open_spider() requires a spider argument, this is deprecated and the argument will not be passed in future Scrapy versions. If you need to access the spider instance you can save the crawler instance passed to from_crawler() and use its spider attribute.
  self._check_mw_method_spider_arg(mw.open_spider)

2026-08-31 12:50:01 [py.warnings] WARNING: /home/pc/Documents/web scrapy/web_scraper/.venv/lib/python3.13/site-packages/scrapy/pipelines/__init__.py:46: ScrapyDeprecationWarning: WebScraperPipeline.close_spider() requires a spider argument, this is deprecated and the argument will not be passed in future Scrapy versions. If you need to access the spider instance you can save the crawler instance passed to from_crawler() and use its spider attribute.
  self._check_mw_method_spider_arg(mw.close_spider)

2026-08-31 12:50:01 [py.warnings] WARNING: /home/pc/Documents/web scrapy/web_scraper/.venv/lib/python3.13/site-packages/scrapy/pipelines/__init__.py:49: ScrapyDeprecationWarning: WebScraperPipeline.process_item() requires a spider argument, this is deprecated and the argument will not be passed in future Scrapy versions. If you need to access the spider instance you can save the crawler instance passed to from_crawler() and use its spider attribute.
  self._check_mw_method_spider_arg(mw.process_item)

2026-08-31 12:50:01 [scrapy.core.engine] INFO: Spider opened
2026-08-31 12:50:01 [scrapy.extensions.logstats] INFO: Crawled 0 pages (at 0 pages/min), scraped 0 items (at 0 items/min)
2026-08-31 12:50:01 [scrapy.extensions.telnet] INFO: Telnet console listening on 127.0.0.1:6024
2026-08-31 12:50:02 [scrapy.core.engine] DEBUG: Crawled (404) <GET https://call2.tgju.org/robots.txt> (referer: None)
2026-08-31 12:50:02 [protego._protego] DEBUG: Rule at line 2 without any user agent to enforce it on.
2026-08-31 12:50:02 [protego._protego] DEBUG: Rule at line 6 without any user agent to enforce it on.
2026-08-31 12:50:03 [scrapy.core.engine] DEBUG: Crawled (200) <GET https://call2.tgju.org/ajax.json?rev=Yt2ebnCSHS0J1dKrN7wGxtpR3g9t28WVgweDXFYgrGTcBEbsXyxKgBnDEcHq> (referer: None)
2026-08-31 12:50:03 [scrapy.core.scraper] DEBUG: Scraped from <200 https://call2.tgju.org/ajax.json?rev=Yt2ebnCSHS0J1dKrN7wGxtpR3g9t28WVgweDXFYgrGTcBEbsXyxKgBnDEcHq>
{'coin': '2,194,800,000',
 'gold_18k': '218,925,000',
 'ons_gold': '4,435.15',
 'silver': '4,707,000',
 'timestamp': '2026-08-31  12:50:03'}
2026-08-31 12:50:03 [scrapy.core.engine] INFO: Closing spider (finished)
2026-08-31 12:50:03 [scrapy.statscollectors] INFO: Dumping Scrapy stats:
{'downloader/request_bytes': 514,
 'downloader/request_count': 2,
 'downloader/request_method_count/GET': 2,
 'downloader/response_bytes': 25736,
 'downloader/response_count': 2,
 'downloader/response_status_count/200': 1,
 'downloader/response_status_count/404': 1,
 'elapsed_time_seconds': 1.9014066370000364,
 'finish_reason': 'finished',
 'finish_time': datetime.datetime(2026, 8, 31, 9, 20, 3, 865175, tzinfo=datetime.timezone.utc),
 'httpcompression/response_bytes': 148219,
 'httpcompression/response_count': 2,
 'item_scraped_count': 1,
 'items_per_minute': 60.0,
 'log_count/DEBUG': 5,
 'log_count/INFO': 3,
 'memusage/max': 71643136,
 'memusage/startup': 71643136,
 'response_received_count': 2,
 'responses_per_minute': 120.0,
 'robotstxt/request_count': 1,
 'robotstxt/response_count': 1,
 'robotstxt/response_status_count/404': 1,
 'scheduler/dequeued': 1,
 'scheduler/dequeued/memory': 1,
 'scheduler/enqueued': 1,
 'scheduler/enqueued/memory': 1,
 'start_time': datetime.datetime(2026, 8, 31, 9, 20, 1, 963772, tzinfo=datetime.timezone.utc)}
2026-08-31 12:50:03 [scrapy.core.engine] INFO: Spider closed (finished)
Running cleaning...
<class 'pandas.DataFrame'>
RangeIndex: 12 entries, 0 to 11
Data columns (total 5 columns):
 #   Column     Non-Null Count  Dtype
---  ------     --------------  -----
 0   timestamp  12 non-null     str  
 1   gold_18k   12 non-null     str  
 2   ons_gold   12 non-null     str  
 3   silver     12 non-null     str  
 4   coin       12 non-null     str  
dtypes: str(5)
memory usage: 612.0 bytes
              timestamp     gold_18k  ons_gold     silver           coin
0  2026-08-29  11:08:52  217,464,000  4,454.08  4,598,700  2,160,100,000
1  2026-08-29  11:23:32  217,464,000  4,454.08  4,598,700  2,160,100,000
2  2026-08-29  11:43:33  217,464,000  4,454.08  4,598,700  2,160,100,000
3  2026-08-29  12:10:12  218,720,000  4,454.08  4,541,900  2,170,050,000
4  2026-08-29  12:49:05  218,720,000  4,454.08  4,541,900  2,170,050,000
<class 'pandas.DataFrame'>
RangeIndex: 12 entries, 0 to 11
Data columns (total 5 columns):
 #   Column     Non-Null Count  Dtype  
---  ------     --------------  -----  
 0   timestamp  12 non-null     str    
 1   gold_18k   12 non-null     str    
 2   ons_gold   12 non-null     float64
 3   silver     12 non-null     str    
 4   coin       12 non-null     str    
dtypes: float64(1), str(4)
memory usage: 612.0 bytes
None
<class 'pandas.DataFrame'>
RangeIndex: 12 entries, 0 to 11
Data columns (total 5 columns):
 #   Column     Non-Null Count  Dtype  
---  ------     --------------  -----  
 0   timestamp  12 non-null     str    
 1   gold_18k   12 non-null     str    
 2   ons_gold   12 non-null     float64
 3   silver     12 non-null     int64  
 4   coin       12 non-null     str    
dtypes: float64(1), int64(1), str(3)
memory usage: 612.0 bytes
None
<class 'pandas.DataFrame'>
RangeIndex: 12 entries, 0 to 11
Data columns (total 5 columns):
 #   Column     Non-Null Count  Dtype  
---  ------     --------------  -----  
 0   timestamp  12 non-null     str    
 1   gold_18k   12 non-null     str    
 2   ons_gold   12 non-null     float64
 3   silver     12 non-null     int64  
 4   coin       12 non-null     int64  
dtypes: float64(1), int64(2), str(2)
memory usage: 612.0 bytes
None
<class 'pandas.DataFrame'>
RangeIndex: 12 entries, 0 to 11
Data columns (total 5 columns):
 #   Column     Non-Null Count  Dtype  
---  ------     --------------  -----  
 0   timestamp  12 non-null     str    
 1   gold_18k   12 non-null     int64  
 2   ons_gold   12 non-null     float64
 3   silver     12 non-null     int64  
 4   coin       12 non-null     int64  
dtypes: float64(1), int64(3), str(1)
memory usage: 612.0 bytes
None
<class 'pandas.DataFrame'>
RangeIndex: 12 entries, 0 to 11
Data columns (total 5 columns):
 #   Column     Non-Null Count  Dtype         
---  ------     --------------  -----         
 0   timestamp  12 non-null     datetime64[us]
 1   gold_18k   12 non-null     int64         
 2   ons_gold   12 non-null     float64       
 3   silver     12 non-null     int64         
 4   coin       12 non-null     int64         
dtypes: datetime64[us](1), float64(1), int64(3)
memory usage: 612.0 bytes
            timestamp   gold_18k  ons_gold   silver        coin
0 2026-08-29 11:08:52  217464000   4454.08  4598700  2160100000
1 2026-08-29 11:23:32  217464000   4454.08  4598700  2160100000
2 2026-08-29 11:43:33  217464000   4454.08  4598700  2160100000
3 2026-08-29 12:10:12  218720000   4454.08  4541900  2170050000
4 2026-08-29 12:49:05  218720000   4454.08  4541900  2170050000
DONE
2026-08-31 12:51:01 [scrapy.extensions.logstats] INFO: Crawled 0 pages (at 0 pages/min), scraped 0 items (at 0 items/min)
2026-08-31 12:52:01 [scrapy.extensions.logstats] INFO: Crawled 0 pages (at 0 pages/min), scraped 0 items (at 0 items/min)
2026-08-31 12:52:02 [scrapy.downloadermiddlewares.retry] DEBUG: Retrying <GET https://call2.tgju.org/ajax.json?rev=Yt2ebnCSHS0J1dKrN7wGxtpR3g9t28WVgweDXFYgrGTcBEbsXyxKgBnDEcHq> (failed 1 times): Getting https://call2.tgju.org/ajax.json?rev=Yt2ebnCSHS0J1dKrN7wGxtpR3g9t28WVgweDXFYgrGTcBEbsXyxKgBnDEcHq took longer than 180.0 seconds.
2026-08-31 12:53:01 [scrapy.extensions.logstats] INFO: Crawled 0 pages (at 0 pages/min), scraped 0 items (at 0 items/min)
2026-08-31 12:54:01 [scrapy.extensions.logstats] INFO: Crawled 0 pages (at 0 pages/min), scraped 0 items (at 0 items/min)
2026-08-31 12:55:01 [scrapy.extensions.logstats] INFO: Crawled 0 pages (at 0 pages/min), scraped 0 items (at 0 items/min)
2026-08-31 12:55:02 [scrapy.downloadermiddlewares.retry] DEBUG: Retrying <GET https://call2.tgju.org/ajax.json?rev=Yt2ebnCSHS0J1dKrN7wGxtpR3g9t28WVgweDXFYgrGTcBEbsXyxKgBnDEcHq> (failed 2 times): Getting https://call2.tgju.org/ajax.json?rev=Yt2ebnCSHS0J1dKrN7wGxtpR3g9t28WVgweDXFYgrGTcBEbsXyxKgBnDEcHq took longer than 180.0 seconds.
2026-08-31 12:56:01 [scrapy.extensions.logstats] INFO: Crawled 0 pages (at 0 pages/min), scraped 0 items (at 0 items/min)
2026-08-31 12:57:01 [scrapy.extensions.logstats] INFO: Crawled 0 pages (at 0 pages/min), scraped 0 items (at 0 items/min)
2026-08-31 12:58:01 [scrapy.extensions.logstats] INFO: Crawled 0 pages (at 0 pages/min), scraped 0 items (at 0 items/min)
2026-08-31 12:58:03 [scrapy.downloadermiddlewares.retry] ERROR: Gave up retrying <GET https://call2.tgju.org/ajax.json?rev=Yt2ebnCSHS0J1dKrN7wGxtpR3g9t28WVgweDXFYgrGTcBEbsXyxKgBnDEcHq> (failed 3 times): Getting https://call2.tgju.org/ajax.json?rev=Yt2ebnCSHS0J1dKrN7wGxtpR3g9t28WVgweDXFYgrGTcBEbsXyxKgBnDEcHq took longer than 180.0 seconds.
2026-08-31 12:58:03 [scrapy.core.scraper] ERROR: Error downloading <GET https://call2.tgju.org/ajax.json?rev=Yt2ebnCSHS0J1dKrN7wGxtpR3g9t28WVgweDXFYgrGTcBEbsXyxKgBnDEcHq>
Traceback (most recent call last):
  File "/home/pc/Documents/web scrapy/web_scraper/.venv/lib/python3.13/site-packages/twisted/internet/defer.py", line 1834, in _inlineCallbacks
    result = context.run(
        cast(Failure, result).throwExceptionIntoGenerator, gen
    )
  File "/home/pc/Documents/web scrapy/web_scraper/.venv/lib/python3.13/site-packages/twisted/python/failure.py", line 467, in throwExceptionIntoGenerator
    return g.throw(self.value.with_traceback(self.tb))
           ~~~~~~~^^^^^^^^^^^^^^^^^^^^^^^^^^^^^^^^^^^^
  File "/home/pc/Documents/web scrapy/web_scraper/.venv/lib/python3.13/site-packages/scrapy/core/engine.py", line 497, in _download
    result = yield self.downloader.fetch(request)
             ^^^^^^^^^^^^^^^^^^^^^^^^^^^^^^^^^^^^
  File "/home/pc/Documents/web scrapy/web_scraper/.venv/lib/python3.13/site-packages/twisted/internet/defer.py", line 1834, in _inlineCallbacks
    result = context.run(
        cast(Failure, result).throwExceptionIntoGenerator, gen
    )
  File "/home/pc/Documents/web scrapy/web_scraper/.venv/lib/python3.13/site-packages/twisted/python/failure.py", line 467, in throwExceptionIntoGenerator
    return g.throw(self.value.with_traceback(self.tb))
           ~~~~~~~^^^^^^^^^^^^^^^^^^^^^^^^^^^^^^^^^^^^
  File "/home/pc/Documents/web scrapy/web_scraper/.venv/lib/python3.13/site-packages/scrapy/core/downloader/__init__.py", line 131, in fetch
    result: Response | Request = yield (
                                 ^^^^^^^
    ...<3 lines>...
    )
    ^
  File "/home/pc/Documents/web scrapy/web_scraper/.venv/lib/python3.13/site-packages/twisted/internet/defer.py", line 1247, in adapt
    extracted: _SelfResultT | Failure = result.result()
                                        ~~~~~~~~~~~~~^^
  File "/home/pc/Documents/web scrapy/web_scraper/.venv/lib/python3.13/site-packages/scrapy/core/downloader/middleware.py", line 87, in download_async
    result = await self._process_exception(ex, request)
             ^^^^^^^^^^^^^^^^^^^^^^^^^^^^^^^^^^^^^^^^^^
  File "/home/pc/Documents/web scrapy/web_scraper/.venv/lib/python3.13/site-packages/scrapy/core/downloader/middleware.py", line 156, in _process_exception
    raise exception
  File "/home/pc/Documents/web scrapy/web_scraper/.venv/lib/python3.13/site-packages/scrapy/core/downloader/middleware.py", line 80, in download_async
    result: Response | Request = await self._process_request(
                                 ^^^^^^^^^^^^^^^^^^^^^^^^^^^^
        request, download_func
        ^^^^^^^^^^^^^^^^^^^^^^
    )
    ^
  File "/home/pc/Documents/web scrapy/web_scraper/.venv/lib/python3.13/site-packages/scrapy/core/downloader/middleware.py", line 114, in _process_request
    return await download_func(request)
           ^^^^^^^^^^^^^^^^^^^^^^^^^^^^
  File "/home/pc/Documents/web scrapy/web_scraper/.venv/lib/python3.13/site-packages/scrapy/core/downloader/__init__.py", line 191, in _enqueue_request
    return await maybe_deferred_to_future(d)  # fired in _wait_for_download()
           ^^^^^^^^^^^^^^^^^^^^^^^^^^^^^^^^^
  File "/home/pc/Documents/web scrapy/web_scraper/.venv/lib/python3.13/site-packages/scrapy/core/downloader/__init__.py", line 258, in _wait_for_download
    response = await self._download(slot, request)
               ^^^^^^^^^^^^^^^^^^^^^^^^^^^^^^^^^^^
  File "/home/pc/Documents/web scrapy/web_scraper/.venv/lib/python3.13/site-packages/scrapy/core/downloader/__init__.py", line 228, in _download
    response: Response = await self.handlers.download_request_async(request)
                         ^^^^^^^^^^^^^^^^^^^^^^^^^^^^^^^^^^^^^^^^^^^^^^^^^^^
  File "/home/pc/Documents/web scrapy/web_scraper/.venv/lib/python3.13/site-packages/scrapy/core/downloader/handlers/__init__.py", line 156, in download_request_async
    return await handler.download_request(request)
           ^^^^^^^^^^^^^^^^^^^^^^^^^^^^^^^^^^^^^^^
  File "/home/pc/Documents/web scrapy/web_scraper/.venv/lib/python3.13/site-packages/scrapy/core/downloader/handlers/http11.py", line 130, in download_request
    return await maybe_deferred_to_future(agent.download_request(request))
           ^^^^^^^^^^^^^^^^^^^^^^^^^^^^^^^^^^^^^^^^^^^^^^^^^^^^^^^^^^^^^^^
  File "/home/pc/Documents/web scrapy/web_scraper/.venv/lib/python3.13/site-packages/twisted/internet/defer.py", line 1082, in _runCallbacks
    current.result = callback(  # type: ignore[misc]
                     ~~~~~~~~^^^^^^^^^^^^^^^^^^^^^^^
        current.result, *args, **kwargs
        ^^^^^^^^^^^^^^^^^^^^^^^^^^^^^^^
    )
    ^
  File "/home/pc/Documents/web scrapy/web_scraper/.venv/lib/python3.13/site-packages/scrapy/core/downloader/handlers/http11.py", line 494, in _cb_timeout
    raise DownloadTimeoutError(f"Getting {url} took longer than {timeout} seconds.")
scrapy.exceptions.DownloadTimeoutError: Getting https://call2.tgju.org/ajax.json?rev=Yt2ebnCSHS0J1dKrN7wGxtpR3g9t28WVgweDXFYgrGTcBEbsXyxKgBnDEcHq took longer than 180.0 seconds.
2026-08-31 12:58:03 [scrapy.core.engine] INFO: Closing spider (finished)
2026-08-31 12:58:03 [scrapy.statscollectors] INFO: Dumping Scrapy stats:
{'downloader/exception_count': 6,
 'downloader/exception_type_count/scrapy.exceptions.DownloadTimeoutError': 6,
 'downloader/request_bytes': 1542,
 'downloader/request_count': 6,
 'downloader/request_method_count/GET': 6,
 'elapsed_time_seconds': 1081.3999133810003,
 'finish_reason': 'finished',
 'finish_time': datetime.datetime(2026, 8, 31, 9, 28, 3, 284464, tzinfo=datetime.timezone.utc),
 'items_per_minute': 0.0,
 'log_count/DEBUG': 4,
 'log_count/ERROR': 4,
 'log_count/INFO': 21,
 'memusage/max': 73211904,
 'memusage/startup': 71577600,
 'responses_per_minute': 0.0,
 'retry/count': 4,
 'retry/max_reached': 2,
 'retry/reason_count/scrapy.exceptions.DownloadTimeoutError': 4,
 "robotstxt/exception_count/<class 'scrapy.exceptions.DownloadTimeoutError'>": 1,
 'robotstxt/request_count': 1,
 'scheduler/dequeued': 3,
 'scheduler/dequeued/memory': 3,
 'scheduler/enqueued': 3,
 'scheduler/enqueued/memory': 3,
 'start_time': datetime.datetime(2026, 8, 31, 9, 10, 1, 884554, tzinfo=datetime.timezone.utc)}
2026-08-31 12:58:03 [scrapy.core.engine] INFO: Spider closed (finished)
Running cleaning...
<class 'pandas.DataFrame'>
RangeIndex: 12 entries, 0 to 11
Data columns (total 5 columns):
 #   Column     Non-Null Count  Dtype
---  ------     --------------  -----
 0   timestamp  12 non-null     str  
 1   gold_18k   12 non-null     str  
 2   ons_gold   12 non-null     str  
 3   silver     12 non-null     str  
 4   coin       12 non-null     str  
dtypes: str(5)
memory usage: 612.0 bytes
              timestamp     gold_18k  ons_gold     silver           coin
0  2026-08-29  11:08:52  217,464,000  4,454.08  4,598,700  2,160,100,000
1  2026-08-29  11:23:32  217,464,000  4,454.08  4,598,700  2,160,100,000
2  2026-08-29  11:43:33  217,464,000  4,454.08  4,598,700  2,160,100,000
3  2026-08-29  12:10:12  218,720,000  4,454.08  4,541,900  2,170,050,000
4  2026-08-29  12:49:05  218,720,000  4,454.08  4,541,900  2,170,050,000
<class 'pandas.DataFrame'>
RangeIndex: 12 entries, 0 to 11
Data columns (total 5 columns):
 #   Column     Non-Null Count  Dtype  
---  ------     --------------  -----  
 0   timestamp  12 non-null     str    
 1   gold_18k   12 non-null     str    
 2   ons_gold   12 non-null     float64
 3   silver     12 non-null     str    
 4   coin       12 non-null     str    
dtypes: float64(1), str(4)
memory usage: 612.0 bytes
None
<class 'pandas.DataFrame'>
RangeIndex: 12 entries, 0 to 11
Data columns (total 5 columns):
 #   Column     Non-Null Count  Dtype  
---  ------     --------------  -----  
 0   timestamp  12 non-null     str    
 1   gold_18k   12 non-null     str    
 2   ons_gold   12 non-null     float64
 3   silver     12 non-null     int64  
 4   coin       12 non-null     str    
dtypes: float64(1), int64(1), str(3)
memory usage: 612.0 bytes
None
<class 'pandas.DataFrame'>
RangeIndex: 12 entries, 0 to 11
Data columns (total 5 columns):
 #   Column     Non-Null Count  Dtype  
---  ------     --------------  -----  
 0   timestamp  12 non-null     str    
 1   gold_18k   12 non-null     str    
 2   ons_gold   12 non-null     float64
 3   silver     12 non-null     int64  
 4   coin       12 non-null     int64  
dtypes: float64(1), int64(2), str(2)
memory usage: 612.0 bytes
None
<class 'pandas.DataFrame'>
RangeIndex: 12 entries, 0 to 11
Data columns (total 5 columns):
 #   Column     Non-Null Count  Dtype  
---  ------     --------------  -----  
 0   timestamp  12 non-null     str    
 1   gold_18k   12 non-null     int64  
 2   ons_gold   12 non-null     float64
 3   silver     12 non-null     int64  
 4   coin       12 non-null     int64  
dtypes: float64(1), int64(3), str(1)
memory usage: 612.0 bytes
None
<class 'pandas.DataFrame'>
RangeIndex: 12 entries, 0 to 11
Data columns (total 5 columns):
 #   Column     Non-Null Count  Dtype         
---  ------     --------------  -----         
 0   timestamp  12 non-null     datetime64[us]
 1   gold_18k   12 non-null     int64         
 2   ons_gold   12 non-null     float64       
 3   silver     12 non-null     int64         
 4   coin       12 non-null     int64         
dtypes: datetime64[us](1), float64(1), int64(3)
memory usage: 612.0 bytes
            timestamp   gold_18k  ons_gold   silver        coin
0 2026-08-29 11:08:52  217464000   4454.08  4598700  2160100000
1 2026-08-29 11:23:32  217464000   4454.08  4598700  2160100000
2 2026-08-29 11:43:33  217464000   4454.08  4598700  2160100000
3 2026-08-29 12:10:12  218720000   4454.08  4541900  2170050000
4 2026-08-29 12:49:05  218720000   4454.08  4541900  2170050000
DONE
Running Scrapy...
2026-08-31 13:00:01 [scrapy.utils.log] INFO: Scrapy 2.17.0 started (bot: web_scraper)
2026-08-31 13:00:01 [scrapy.utils.log] INFO: Versions:
{'lxml': '6.1.1',
 'libxml2': '2.14.6',
 'cssselect': '1.5.0',
 'parsel': '1.11.0',
 'w3lib': '2.4.1',
 'Twisted': '26.4.0',
 'Python': '3.13.7 (main, Mar  3 2026, 12:19:54) [GCC 15.2.0]',
 'pyOpenSSL': '26.4.0 (OpenSSL 4.0.1 9 Jun 2026)',
 'cryptography': '50.0.0',
 'Platform': 'Linux-6.17.0-41-generic-x86_64-with-glibc2.42'}
2026-08-31 13:00:01 [scrapy.crawler] DEBUG: Using AsyncCrawlerProcess
2026-08-31 13:00:01 [asyncio] DEBUG: Using selector: EpollSelector
2026-08-31 13:00:01 [scrapy.addons] INFO: Enabled addons:
[]
2026-08-31 13:00:01 [scrapy.utils.log] DEBUG: Using reactor: twisted.internet.asyncioreactor.AsyncioSelectorReactor
2026-08-31 13:00:01 [scrapy.utils.log] DEBUG: Using asyncio event loop: asyncio.unix_events._UnixSelectorEventLoop
2026-08-31 13:00:01 [scrapy.extensions.telnet] INFO: Telnet Password: 2484be3abd5cee42
2026-08-31 13:00:01 [scrapy.middleware] INFO: Enabled extensions:
['scrapy.extensions.corestats.CoreStats',
 'scrapy.extensions.logcount.LogCount',
 'scrapy.extensions.telnet.TelnetConsole',
 'scrapy.extensions.memusage.MemoryUsage',
 'scrapy.extensions.logstats.LogStats']
2026-08-31 13:00:01 [scrapy.crawler] INFO: Overridden settings:
{'BOT_NAME': 'web_scraper',
 'CONCURRENT_REQUESTS_PER_DOMAIN': 1,
 'DOWNLOAD_DELAY': 1,
 'FEED_EXPORT_ENCODING': 'utf-8',
 'NEWSPIDER_MODULE': 'web_scraper.spiders',
 'ROBOTSTXT_OBEY': True,
 'SPIDER_MODULES': ['web_scraper.spiders']}
2026-08-31 13:00:01 [scrapy.middleware] INFO: Enabled downloader middlewares:
['scrapy.downloadermiddlewares.offsite.OffsiteMiddleware',
 'scrapy.downloadermiddlewares.robotstxt.RobotsTxtMiddleware',
 'scrapy.downloadermiddlewares.httpauth.HttpAuthMiddleware',
 'scrapy.downloadermiddlewares.downloadtimeout.DownloadTimeoutMiddleware',
 'scrapy.downloadermiddlewares.defaultheaders.DefaultHeadersMiddleware',
 'scrapy.downloadermiddlewares.useragent.UserAgentMiddleware',
 'scrapy.downloadermiddlewares.retry.RetryMiddleware',
 'scrapy.downloadermiddlewares.redirect.MetaRefreshMiddleware',
 'scrapy.downloadermiddlewares.httpcompression.HttpCompressionMiddleware',
 'scrapy.downloadermiddlewares.redirect.RedirectMiddleware',
 'scrapy.downloadermiddlewares.cookies.CookiesMiddleware',
 'scrapy.downloadermiddlewares.httpproxy.HttpProxyMiddleware',
 'scrapy.downloadermiddlewares.stats.DownloaderStats']
2026-08-31 13:00:01 [scrapy.middleware] INFO: Enabled spider middlewares:
['scrapy.spidermiddlewares.start.StartSpiderMiddleware',
 'scrapy.spidermiddlewares.httperror.HttpErrorMiddleware',
 'scrapy.spidermiddlewares.referer.RefererMiddleware',
 'scrapy.spidermiddlewares.urllength.UrlLengthMiddleware',
 'scrapy.spidermiddlewares.depth.DepthMiddleware']
2026-08-31 13:00:01 [scrapy.middleware] INFO: Enabled item pipelines:
['web_scraper.pipelines.WebScraperPipeline']
2026-08-31 13:00:01 [py.warnings] WARNING: /home/pc/Documents/web scrapy/web_scraper/.venv/lib/python3.13/site-packages/scrapy/pipelines/__init__.py:43: ScrapyDeprecationWarning: WebScraperPipeline.open_spider() requires a spider argument, this is deprecated and the argument will not be passed in future Scrapy versions. If you need to access the spider instance you can save the crawler instance passed to from_crawler() and use its spider attribute.
  self._check_mw_method_spider_arg(mw.open_spider)

2026-08-31 13:00:01 [py.warnings] WARNING: /home/pc/Documents/web scrapy/web_scraper/.venv/lib/python3.13/site-packages/scrapy/pipelines/__init__.py:46: ScrapyDeprecationWarning: WebScraperPipeline.close_spider() requires a spider argument, this is deprecated and the argument will not be passed in future Scrapy versions. If you need to access the spider instance you can save the crawler instance passed to from_crawler() and use its spider attribute.
  self._check_mw_method_spider_arg(mw.close_spider)

2026-08-31 13:00:01 [py.warnings] WARNING: /home/pc/Documents/web scrapy/web_scraper/.venv/lib/python3.13/site-packages/scrapy/pipelines/__init__.py:49: ScrapyDeprecationWarning: WebScraperPipeline.process_item() requires a spider argument, this is deprecated and the argument will not be passed in future Scrapy versions. If you need to access the spider instance you can save the crawler instance passed to from_crawler() and use its spider attribute.
  self._check_mw_method_spider_arg(mw.process_item)

2026-08-31 13:00:01 [scrapy.core.engine] INFO: Spider opened
2026-08-31 13:00:01 [scrapy.extensions.logstats] INFO: Crawled 0 pages (at 0 pages/min), scraped 0 items (at 0 items/min)
2026-08-31 13:00:01 [scrapy.extensions.telnet] INFO: Telnet console listening on 127.0.0.1:6023
2026-08-31 13:00:02 [scrapy.core.engine] DEBUG: Crawled (404) <GET https://call2.tgju.org/robots.txt> (referer: None)
2026-08-31 13:00:02 [protego._protego] DEBUG: Rule at line 2 without any user agent to enforce it on.
2026-08-31 13:00:02 [protego._protego] DEBUG: Rule at line 6 without any user agent to enforce it on.
2026-08-31 13:00:03 [scrapy.core.engine] DEBUG: Crawled (200) <GET https://call2.tgju.org/ajax.json?rev=Yt2ebnCSHS0J1dKrN7wGxtpR3g9t28WVgweDXFYgrGTcBEbsXyxKgBnDEcHq> (referer: None)
2026-08-31 13:00:03 [scrapy.core.scraper] DEBUG: Scraped from <200 https://call2.tgju.org/ajax.json?rev=Yt2ebnCSHS0J1dKrN7wGxtpR3g9t28WVgweDXFYgrGTcBEbsXyxKgBnDEcHq>
{'coin': '2,194,800,000',
 'gold_18k': '218,925,000',
 'ons_gold': '4,435.15',
 'silver': '4,707,000',
 'timestamp': '2026-08-31  13:00:03'}
2026-08-31 13:00:03 [scrapy.core.engine] INFO: Closing spider (finished)
2026-08-31 13:00:03 [scrapy.statscollectors] INFO: Dumping Scrapy stats:
{'downloader/request_bytes': 514,
 'downloader/request_count': 2,
 'downloader/request_method_count/GET': 2,
 'downloader/response_bytes': 25736,
 'downloader/response_count': 2,
 'downloader/response_status_count/200': 1,
 'downloader/response_status_count/404': 1,
 'elapsed_time_seconds': 1.4028421309994883,
 'finish_reason': 'finished',
 'finish_time': datetime.datetime(2026, 8, 31, 9, 30, 3, 312303, tzinfo=datetime.timezone.utc),
 'httpcompression/response_bytes': 148219,
 'httpcompression/response_count': 2,
 'item_scraped_count': 1,
 'items_per_minute': 60.0,
 'log_count/DEBUG': 5,
 'log_count/INFO': 3,
 'memusage/max': 71618560,
 'memusage/startup': 71618560,
 'response_received_count': 2,
 'responses_per_minute': 120.0,
 'robotstxt/request_count': 1,
 'robotstxt/response_count': 1,
 'robotstxt/response_status_count/404': 1,
 'scheduler/dequeued': 1,
 'scheduler/dequeued/memory': 1,
 'scheduler/enqueued': 1,
 'scheduler/enqueued/memory': 1,
 'start_time': datetime.datetime(2026, 8, 31, 9, 30, 1, 909460, tzinfo=datetime.timezone.utc)}
2026-08-31 13:00:03 [scrapy.core.engine] INFO: Spider closed (finished)
Running cleaning...
<class 'pandas.DataFrame'>
RangeIndex: 13 entries, 0 to 12
Data columns (total 5 columns):
 #   Column     Non-Null Count  Dtype
---  ------     --------------  -----
 0   timestamp  13 non-null     str  
 1   gold_18k   13 non-null     str  
 2   ons_gold   13 non-null     str  
 3   silver     13 non-null     str  
 4   coin       13 non-null     str  
dtypes: str(5)
memory usage: 652.0 bytes
              timestamp     gold_18k  ons_gold     silver           coin
0  2026-08-29  11:08:52  217,464,000  4,454.08  4,598,700  2,160,100,000
1  2026-08-29  11:23:32  217,464,000  4,454.08  4,598,700  2,160,100,000
2  2026-08-29  11:43:33  217,464,000  4,454.08  4,598,700  2,160,100,000
3  2026-08-29  12:10:12  218,720,000  4,454.08  4,541,900  2,170,050,000
4  2026-08-29  12:49:05  218,720,000  4,454.08  4,541,900  2,170,050,000
<class 'pandas.DataFrame'>
RangeIndex: 13 entries, 0 to 12
Data columns (total 5 columns):
 #   Column     Non-Null Count  Dtype  
---  ------     --------------  -----  
 0   timestamp  13 non-null     str    
 1   gold_18k   13 non-null     str    
 2   ons_gold   13 non-null     float64
 3   silver     13 non-null     str    
 4   coin       13 non-null     str    
dtypes: float64(1), str(4)
memory usage: 652.0 bytes
None
<class 'pandas.DataFrame'>
RangeIndex: 13 entries, 0 to 12
Data columns (total 5 columns):
 #   Column     Non-Null Count  Dtype  
---  ------     --------------  -----  
 0   timestamp  13 non-null     str    
 1   gold_18k   13 non-null     str    
 2   ons_gold   13 non-null     float64
 3   silver     13 non-null     int64  
 4   coin       13 non-null     str    
dtypes: float64(1), int64(1), str(3)
memory usage: 652.0 bytes
None
<class 'pandas.DataFrame'>
RangeIndex: 13 entries, 0 to 12
Data columns (total 5 columns):
 #   Column     Non-Null Count  Dtype  
---  ------     --------------  -----  
 0   timestamp  13 non-null     str    
 1   gold_18k   13 non-null     str    
 2   ons_gold   13 non-null     float64
 3   silver     13 non-null     int64  
 4   coin       13 non-null     int64  
dtypes: float64(1), int64(2), str(2)
memory usage: 652.0 bytes
None
<class 'pandas.DataFrame'>
RangeIndex: 13 entries, 0 to 12
Data columns (total 5 columns):
 #   Column     Non-Null Count  Dtype  
---  ------     --------------  -----  
 0   timestamp  13 non-null     str    
 1   gold_18k   13 non-null     int64  
 2   ons_gold   13 non-null     float64
 3   silver     13 non-null     int64  
 4   coin       13 non-null     int64  
dtypes: float64(1), int64(3), str(1)
memory usage: 652.0 bytes
None
<class 'pandas.DataFrame'>
RangeIndex: 13 entries, 0 to 12
Data columns (total 5 columns):
 #   Column     Non-Null Count  Dtype         
---  ------     --------------  -----         
 0   timestamp  13 non-null     datetime64[us]
 1   gold_18k   13 non-null     int64         
 2   ons_gold   13 non-null     float64       
 3   silver     13 non-null     int64         
 4   coin       13 non-null     int64         
dtypes: datetime64[us](1), float64(1), int64(3)
memory usage: 652.0 bytes
            timestamp   gold_18k  ons_gold   silver        coin
0 2026-08-29 11:08:52  217464000   4454.08  4598700  2160100000
1 2026-08-29 11:23:32  217464000   4454.08  4598700  2160100000
2 2026-08-29 11:43:33  217464000   4454.08  4598700  2160100000
3 2026-08-29 12:10:12  218720000   4454.08  4541900  2170050000
4 2026-08-29 12:49:05  218720000   4454.08  4541900  2170050000
DONE
Running Scrapy...
2026-08-31 13:10:01 [scrapy.utils.log] INFO: Scrapy 2.17.0 started (bot: web_scraper)
2026-08-31 13:10:01 [scrapy.utils.log] INFO: Versions:
{'lxml': '6.1.1',
 'libxml2': '2.14.6',
 'cssselect': '1.5.0',
 'parsel': '1.11.0',
 'w3lib': '2.4.1',
 'Twisted': '26.4.0',
 'Python': '3.13.7 (main, Mar  3 2026, 12:19:54) [GCC 15.2.0]',
 'pyOpenSSL': '26.4.0 (OpenSSL 4.0.1 9 Jun 2026)',
 'cryptography': '50.0.0',
 'Platform': 'Linux-6.17.0-41-generic-x86_64-with-glibc2.42'}
2026-08-31 13:10:01 [scrapy.crawler] DEBUG: Using AsyncCrawlerProcess
2026-08-31 13:10:01 [asyncio] DEBUG: Using selector: EpollSelector
2026-08-31 13:10:01 [scrapy.addons] INFO: Enabled addons:
[]
2026-08-31 13:10:01 [scrapy.utils.log] DEBUG: Using reactor: twisted.internet.asyncioreactor.AsyncioSelectorReactor
2026-08-31 13:10:01 [scrapy.utils.log] DEBUG: Using asyncio event loop: asyncio.unix_events._UnixSelectorEventLoop
2026-08-31 13:10:01 [scrapy.extensions.telnet] INFO: Telnet Password: a058cbaba155d82d
2026-08-31 13:10:01 [scrapy.middleware] INFO: Enabled extensions:
['scrapy.extensions.corestats.CoreStats',
 'scrapy.extensions.logcount.LogCount',
 'scrapy.extensions.telnet.TelnetConsole',
 'scrapy.extensions.memusage.MemoryUsage',
 'scrapy.extensions.logstats.LogStats']
2026-08-31 13:10:01 [scrapy.crawler] INFO: Overridden settings:
{'BOT_NAME': 'web_scraper',
 'CONCURRENT_REQUESTS_PER_DOMAIN': 1,
 'DOWNLOAD_DELAY': 1,
 'FEED_EXPORT_ENCODING': 'utf-8',
 'NEWSPIDER_MODULE': 'web_scraper.spiders',
 'ROBOTSTXT_OBEY': True,
 'SPIDER_MODULES': ['web_scraper.spiders']}
2026-08-31 13:10:02 [scrapy.middleware] INFO: Enabled downloader middlewares:
['scrapy.downloadermiddlewares.offsite.OffsiteMiddleware',
 'scrapy.downloadermiddlewares.robotstxt.RobotsTxtMiddleware',
 'scrapy.downloadermiddlewares.httpauth.HttpAuthMiddleware',
 'scrapy.downloadermiddlewares.downloadtimeout.DownloadTimeoutMiddleware',
 'scrapy.downloadermiddlewares.defaultheaders.DefaultHeadersMiddleware',
 'scrapy.downloadermiddlewares.useragent.UserAgentMiddleware',
 'scrapy.downloadermiddlewares.retry.RetryMiddleware',
 'scrapy.downloadermiddlewares.redirect.MetaRefreshMiddleware',
 'scrapy.downloadermiddlewares.httpcompression.HttpCompressionMiddleware',
 'scrapy.downloadermiddlewares.redirect.RedirectMiddleware',
 'scrapy.downloadermiddlewares.cookies.CookiesMiddleware',
 'scrapy.downloadermiddlewares.httpproxy.HttpProxyMiddleware',
 'scrapy.downloadermiddlewares.stats.DownloaderStats']
2026-08-31 13:10:02 [scrapy.middleware] INFO: Enabled spider middlewares:
['scrapy.spidermiddlewares.start.StartSpiderMiddleware',
 'scrapy.spidermiddlewares.httperror.HttpErrorMiddleware',
 'scrapy.spidermiddlewares.referer.RefererMiddleware',
 'scrapy.spidermiddlewares.urllength.UrlLengthMiddleware',
 'scrapy.spidermiddlewares.depth.DepthMiddleware']
2026-08-31 13:10:02 [scrapy.middleware] INFO: Enabled item pipelines:
['web_scraper.pipelines.WebScraperPipeline']
2026-08-31 13:10:02 [py.warnings] WARNING: /home/pc/Documents/web scrapy/web_scraper/.venv/lib/python3.13/site-packages/scrapy/pipelines/__init__.py:43: ScrapyDeprecationWarning: WebScraperPipeline.open_spider() requires a spider argument, this is deprecated and the argument will not be passed in future Scrapy versions. If you need to access the spider instance you can save the crawler instance passed to from_crawler() and use its spider attribute.
  self._check_mw_method_spider_arg(mw.open_spider)

2026-08-31 13:10:02 [py.warnings] WARNING: /home/pc/Documents/web scrapy/web_scraper/.venv/lib/python3.13/site-packages/scrapy/pipelines/__init__.py:46: ScrapyDeprecationWarning: WebScraperPipeline.close_spider() requires a spider argument, this is deprecated and the argument will not be passed in future Scrapy versions. If you need to access the spider instance you can save the crawler instance passed to from_crawler() and use its spider attribute.
  self._check_mw_method_spider_arg(mw.close_spider)

2026-08-31 13:10:02 [py.warnings] WARNING: /home/pc/Documents/web scrapy/web_scraper/.venv/lib/python3.13/site-packages/scrapy/pipelines/__init__.py:49: ScrapyDeprecationWarning: WebScraperPipeline.process_item() requires a spider argument, this is deprecated and the argument will not be passed in future Scrapy versions. If you need to access the spider instance you can save the crawler instance passed to from_crawler() and use its spider attribute.
  self._check_mw_method_spider_arg(mw.process_item)

2026-08-31 13:10:02 [scrapy.core.engine] INFO: Spider opened
2026-08-31 13:10:02 [scrapy.extensions.logstats] INFO: Crawled 0 pages (at 0 pages/min), scraped 0 items (at 0 items/min)
2026-08-31 13:10:02 [scrapy.extensions.telnet] INFO: Telnet console listening on 127.0.0.1:6023
2026-08-31 13:10:17 [scrapy.downloadermiddlewares.retry] DEBUG: Retrying <GET https://call2.tgju.org/robots.txt> (failed 1 times): [<twisted.python.failure.Failure twisted.internet.error.ConnectionLost: Connection to the other side was lost in a non-clean fashion: Connection lost.>]
2026-08-31 13:11:02 [scrapy.extensions.logstats] INFO: Crawled 0 pages (at 0 pages/min), scraped 0 items (at 0 items/min)
2026-08-31 13:12:02 [scrapy.extensions.logstats] INFO: Crawled 0 pages (at 0 pages/min), scraped 0 items (at 0 items/min)
2026-08-31 13:13:02 [scrapy.extensions.logstats] INFO: Crawled 0 pages (at 0 pages/min), scraped 0 items (at 0 items/min)
2026-08-31 13:13:18 [scrapy.downloadermiddlewares.retry] DEBUG: Retrying <GET https://call2.tgju.org/robots.txt> (failed 2 times): Getting https://call2.tgju.org/robots.txt took longer than 180.0 seconds.
2026-08-31 13:14:02 [scrapy.extensions.logstats] INFO: Crawled 0 pages (at 0 pages/min), scraped 0 items (at 0 items/min)
2026-08-31 13:15:02 [scrapy.extensions.logstats] INFO: Crawled 0 pages (at 0 pages/min), scraped 0 items (at 0 items/min)
2026-08-31 13:16:02 [scrapy.extensions.logstats] INFO: Crawled 0 pages (at 0 pages/min), scraped 0 items (at 0 items/min)
2026-08-31 13:16:18 [scrapy.downloadermiddlewares.retry] ERROR: Gave up retrying <GET https://call2.tgju.org/robots.txt> (failed 3 times): Getting https://call2.tgju.org/robots.txt took longer than 180.0 seconds.
2026-08-31 13:16:18 [scrapy.downloadermiddlewares.robotstxt] ERROR: Error downloading <GET https://call2.tgju.org/ajax.json?rev=Yt2ebnCSHS0J1dKrN7wGxtpR3g9t28WVgweDXFYgrGTcBEbsXyxKgBnDEcHq>: Getting https://call2.tgju.org/robots.txt took longer than 180.0 seconds.
Traceback (most recent call last):
  File "/home/pc/Documents/web scrapy/web_scraper/.venv/lib/python3.13/site-packages/scrapy/downloadermiddlewares/robotstxt.py", line 100, in robot_parser
    resp = await self.crawler.engine.download_async(robotsreq)
           ^^^^^^^^^^^^^^^^^^^^^^^^^^^^^^^^^^^^^^^^^^^^^^^^^^^
  File "/home/pc/Documents/web scrapy/web_scraper/.venv/lib/python3.13/site-packages/scrapy/core/engine.py", line 481, in download_async
    return await self.download_async(response_or_request)
           ^^^^^^^^^^^^^^^^^^^^^^^^^^^^^^^^^^^^^^^^^^^^^^
  File "/home/pc/Documents/web scrapy/web_scraper/.venv/lib/python3.13/site-packages/scrapy/core/engine.py", line 481, in download_async
    return await self.download_async(response_or_request)
           ^^^^^^^^^^^^^^^^^^^^^^^^^^^^^^^^^^^^^^^^^^^^^^
  File "/home/pc/Documents/web scrapy/web_scraper/.venv/lib/python3.13/site-packages/scrapy/core/engine.py", line 474, in download_async
    response_or_request = await maybe_deferred_to_future(
                          ^^^^^^^^^^^^^^^^^^^^^^^^^^^^^^^
        self._download(request)
        ^^^^^^^^^^^^^^^^^^^^^^^
    )
    ^
  File "/home/pc/Documents/web scrapy/web_scraper/.venv/lib/python3.13/site-packages/twisted/internet/defer.py", line 1834, in _inlineCallbacks
    result = context.run(
        cast(Failure, result).throwExceptionIntoGenerator, gen
    )
  File "/home/pc/Documents/web scrapy/web_scraper/.venv/lib/python3.13/site-packages/twisted/python/failure.py", line 467, in throwExceptionIntoGenerator
    return g.throw(self.value.with_traceback(self.tb))
           ~~~~~~~^^^^^^^^^^^^^^^^^^^^^^^^^^^^^^^^^^^^
  File "/home/pc/Documents/web scrapy/web_scraper/.venv/lib/python3.13/site-packages/scrapy/core/engine.py", line 497, in _download
    result = yield self.downloader.fetch(request)
             ^^^^^^^^^^^^^^^^^^^^^^^^^^^^^^^^^^^^
  File "/home/pc/Documents/web scrapy/web_scraper/.venv/lib/python3.13/site-packages/twisted/internet/defer.py", line 1834, in _inlineCallbacks
    result = context.run(
        cast(Failure, result).throwExceptionIntoGenerator, gen
    )
  File "/home/pc/Documents/web scrapy/web_scraper/.venv/lib/python3.13/site-packages/twisted/python/failure.py", line 467, in throwExceptionIntoGenerator
    return g.throw(self.value.with_traceback(self.tb))
           ~~~~~~~^^^^^^^^^^^^^^^^^^^^^^^^^^^^^^^^^^^^
  File "/home/pc/Documents/web scrapy/web_scraper/.venv/lib/python3.13/site-packages/scrapy/core/downloader/__init__.py", line 131, in fetch
    result: Response | Request = yield (
                                 ^^^^^^^
    ...<3 lines>...
    )
    ^
  File "/home/pc/Documents/web scrapy/web_scraper/.venv/lib/python3.13/site-packages/twisted/internet/defer.py", line 1247, in adapt
    extracted: _SelfResultT | Failure = result.result()
                                        ~~~~~~~~~~~~~^^
  File "/home/pc/Documents/web scrapy/web_scraper/.venv/lib/python3.13/site-packages/scrapy/core/downloader/middleware.py", line 87, in download_async
    result = await self._process_exception(ex, request)
             ^^^^^^^^^^^^^^^^^^^^^^^^^^^^^^^^^^^^^^^^^^
  File "/home/pc/Documents/web scrapy/web_scraper/.venv/lib/python3.13/site-packages/scrapy/core/downloader/middleware.py", line 156, in _process_exception
    raise exception
  File "/home/pc/Documents/web scrapy/web_scraper/.venv/lib/python3.13/site-packages/scrapy/core/downloader/middleware.py", line 80, in download_async
    result: Response | Request = await self._process_request(
                                 ^^^^^^^^^^^^^^^^^^^^^^^^^^^^
        request, download_func
        ^^^^^^^^^^^^^^^^^^^^^^
    )
    ^
  File "/home/pc/Documents/web scrapy/web_scraper/.venv/lib/python3.13/site-packages/scrapy/core/downloader/middleware.py", line 114, in _process_request
    return await download_func(request)
           ^^^^^^^^^^^^^^^^^^^^^^^^^^^^
  File "/home/pc/Documents/web scrapy/web_scraper/.venv/lib/python3.13/site-packages/scrapy/core/downloader/__init__.py", line 191, in _enqueue_request
    return await maybe_deferred_to_future(d)  # fired in _wait_for_download()
           ^^^^^^^^^^^^^^^^^^^^^^^^^^^^^^^^^
  File "/home/pc/Documents/web scrapy/web_scraper/.venv/lib/python3.13/site-packages/scrapy/core/downloader/__init__.py", line 258, in _wait_for_download
    response = await self._download(slot, request)
               ^^^^^^^^^^^^^^^^^^^^^^^^^^^^^^^^^^^
  File "/home/pc/Documents/web scrapy/web_scraper/.venv/lib/python3.13/site-packages/scrapy/core/downloader/__init__.py", line 228, in _download
    response: Response = await self.handlers.download_request_async(request)
                         ^^^^^^^^^^^^^^^^^^^^^^^^^^^^^^^^^^^^^^^^^^^^^^^^^^^
  File "/home/pc/Documents/web scrapy/web_scraper/.venv/lib/python3.13/site-packages/scrapy/core/downloader/handlers/__init__.py", line 156, in download_request_async
    return await handler.download_request(request)
           ^^^^^^^^^^^^^^^^^^^^^^^^^^^^^^^^^^^^^^^
  File "/home/pc/Documents/web scrapy/web_scraper/.venv/lib/python3.13/site-packages/scrapy/core/downloader/handlers/http11.py", line 130, in download_request
    return await maybe_deferred_to_future(agent.download_request(request))
           ^^^^^^^^^^^^^^^^^^^^^^^^^^^^^^^^^^^^^^^^^^^^^^^^^^^^^^^^^^^^^^^
  File "/home/pc/Documents/web scrapy/web_scraper/.venv/lib/python3.13/site-packages/twisted/internet/defer.py", line 1082, in _runCallbacks
    current.result = callback(  # type: ignore[misc]
                     ~~~~~~~~^^^^^^^^^^^^^^^^^^^^^^^
        current.result, *args, **kwargs
        ^^^^^^^^^^^^^^^^^^^^^^^^^^^^^^^
    )
    ^
  File "/home/pc/Documents/web scrapy/web_scraper/.venv/lib/python3.13/site-packages/scrapy/core/downloader/handlers/http11.py", line 494, in _cb_timeout
    raise DownloadTimeoutError(f"Getting {url} took longer than {timeout} seconds.")
scrapy.exceptions.DownloadTimeoutError: Getting https://call2.tgju.org/robots.txt took longer than 180.0 seconds.
2026-08-31 13:17:02 [scrapy.extensions.logstats] INFO: Crawled 0 pages (at 0 pages/min), scraped 0 items (at 0 items/min)
2026-08-31 13:18:02 [scrapy.extensions.logstats] INFO: Crawled 0 pages (at 0 pages/min), scraped 0 items (at 0 items/min)
2026-08-31 13:19:02 [scrapy.extensions.logstats] INFO: Crawled 0 pages (at 0 pages/min), scraped 0 items (at 0 items/min)
2026-08-31 13:19:18 [scrapy.downloadermiddlewares.retry] DEBUG: Retrying <GET https://call2.tgju.org/ajax.json?rev=Yt2ebnCSHS0J1dKrN7wGxtpR3g9t28WVgweDXFYgrGTcBEbsXyxKgBnDEcHq> (failed 1 times): Getting https://call2.tgju.org/ajax.json?rev=Yt2ebnCSHS0J1dKrN7wGxtpR3g9t28WVgweDXFYgrGTcBEbsXyxKgBnDEcHq took longer than 180.0 seconds.
Running Scrapy...
2026-08-31 13:20:01 [scrapy.utils.log] INFO: Scrapy 2.17.0 started (bot: web_scraper)
2026-08-31 13:20:01 [scrapy.utils.log] INFO: Versions:
{'lxml': '6.1.1',
 'libxml2': '2.14.6',
 'cssselect': '1.5.0',
 'parsel': '1.11.0',
 'w3lib': '2.4.1',
 'Twisted': '26.4.0',
 'Python': '3.13.7 (main, Mar  3 2026, 12:19:54) [GCC 15.2.0]',
 'pyOpenSSL': '26.4.0 (OpenSSL 4.0.1 9 Jun 2026)',
 'cryptography': '50.0.0',
 'Platform': 'Linux-6.17.0-41-generic-x86_64-with-glibc2.42'}
2026-08-31 13:20:01 [scrapy.crawler] DEBUG: Using AsyncCrawlerProcess
2026-08-31 13:20:01 [asyncio] DEBUG: Using selector: EpollSelector
2026-08-31 13:20:02 [scrapy.addons] INFO: Enabled addons:
[]
2026-08-31 13:20:02 [scrapy.utils.log] DEBUG: Using reactor: twisted.internet.asyncioreactor.AsyncioSelectorReactor
2026-08-31 13:20:02 [scrapy.utils.log] DEBUG: Using asyncio event loop: asyncio.unix_events._UnixSelectorEventLoop
2026-08-31 13:20:02 [scrapy.extensions.telnet] INFO: Telnet Password: 87579f676e6d0bcd
2026-08-31 13:20:02 [scrapy.middleware] INFO: Enabled extensions:
['scrapy.extensions.corestats.CoreStats',
 'scrapy.extensions.logcount.LogCount',
 'scrapy.extensions.telnet.TelnetConsole',
 'scrapy.extensions.memusage.MemoryUsage',
 'scrapy.extensions.logstats.LogStats']
2026-08-31 13:20:02 [scrapy.crawler] INFO: Overridden settings:
{'BOT_NAME': 'web_scraper',
 'CONCURRENT_REQUESTS_PER_DOMAIN': 1,
 'DOWNLOAD_DELAY': 1,
 'FEED_EXPORT_ENCODING': 'utf-8',
 'NEWSPIDER_MODULE': 'web_scraper.spiders',
 'ROBOTSTXT_OBEY': True,
 'SPIDER_MODULES': ['web_scraper.spiders']}
2026-08-31 13:20:02 [scrapy.extensions.logstats] INFO: Crawled 0 pages (at 0 pages/min), scraped 0 items (at 0 items/min)
2026-08-31 13:20:02 [scrapy.middleware] INFO: Enabled downloader middlewares:
['scrapy.downloadermiddlewares.offsite.OffsiteMiddleware',
 'scrapy.downloadermiddlewares.robotstxt.RobotsTxtMiddleware',
 'scrapy.downloadermiddlewares.httpauth.HttpAuthMiddleware',
 'scrapy.downloadermiddlewares.downloadtimeout.DownloadTimeoutMiddleware',
 'scrapy.downloadermiddlewares.defaultheaders.DefaultHeadersMiddleware',
 'scrapy.downloadermiddlewares.useragent.UserAgentMiddleware',
 'scrapy.downloadermiddlewares.retry.RetryMiddleware',
 'scrapy.downloadermiddlewares.redirect.MetaRefreshMiddleware',
 'scrapy.downloadermiddlewares.httpcompression.HttpCompressionMiddleware',
 'scrapy.downloadermiddlewares.redirect.RedirectMiddleware',
 'scrapy.downloadermiddlewares.cookies.CookiesMiddleware',
 'scrapy.downloadermiddlewares.httpproxy.HttpProxyMiddleware',
 'scrapy.downloadermiddlewares.stats.DownloaderStats']
2026-08-31 13:20:02 [scrapy.middleware] INFO: Enabled spider middlewares:
['scrapy.spidermiddlewares.start.StartSpiderMiddleware',
 'scrapy.spidermiddlewares.httperror.HttpErrorMiddleware',
 'scrapy.spidermiddlewares.referer.RefererMiddleware',
 'scrapy.spidermiddlewares.urllength.UrlLengthMiddleware',
 'scrapy.spidermiddlewares.depth.DepthMiddleware']
2026-08-31 13:20:02 [scrapy.middleware] INFO: Enabled item pipelines:
['web_scraper.pipelines.WebScraperPipeline']
2026-08-31 13:20:02 [py.warnings] WARNING: /home/pc/Documents/web scrapy/web_scraper/.venv/lib/python3.13/site-packages/scrapy/pipelines/__init__.py:43: ScrapyDeprecationWarning: WebScraperPipeline.open_spider() requires a spider argument, this is deprecated and the argument will not be passed in future Scrapy versions. If you need to access the spider instance you can save the crawler instance passed to from_crawler() and use its spider attribute.
  self._check_mw_method_spider_arg(mw.open_spider)

2026-08-31 13:20:02 [py.warnings] WARNING: /home/pc/Documents/web scrapy/web_scraper/.venv/lib/python3.13/site-packages/scrapy/pipelines/__init__.py:46: ScrapyDeprecationWarning: WebScraperPipeline.close_spider() requires a spider argument, this is deprecated and the argument will not be passed in future Scrapy versions. If you need to access the spider instance you can save the crawler instance passed to from_crawler() and use its spider attribute.
  self._check_mw_method_spider_arg(mw.close_spider)

2026-08-31 13:20:02 [py.warnings] WARNING: /home/pc/Documents/web scrapy/web_scraper/.venv/lib/python3.13/site-packages/scrapy/pipelines/__init__.py:49: ScrapyDeprecationWarning: WebScraperPipeline.process_item() requires a spider argument, this is deprecated and the argument will not be passed in future Scrapy versions. If you need to access the spider instance you can save the crawler instance passed to from_crawler() and use its spider attribute.
  self._check_mw_method_spider_arg(mw.process_item)

2026-08-31 13:20:02 [scrapy.core.engine] INFO: Spider opened
2026-08-31 13:20:02 [scrapy.extensions.logstats] INFO: Crawled 0 pages (at 0 pages/min), scraped 0 items (at 0 items/min)
2026-08-31 13:20:02 [scrapy.extensions.telnet] INFO: Telnet console listening on 127.0.0.1:6024
2026-08-31 13:20:03 [scrapy.core.engine] DEBUG: Crawled (404) <GET https://call2.tgju.org/robots.txt> (referer: None)
2026-08-31 13:20:03 [protego._protego] DEBUG: Rule at line 2 without any user agent to enforce it on.
2026-08-31 13:20:03 [protego._protego] DEBUG: Rule at line 6 without any user agent to enforce it on.
2026-08-31 13:20:03 [scrapy.core.engine] DEBUG: Crawled (200) <GET https://call2.tgju.org/ajax.json?rev=Yt2ebnCSHS0J1dKrN7wGxtpR3g9t28WVgweDXFYgrGTcBEbsXyxKgBnDEcHq> (referer: None)
2026-08-31 13:20:03 [scrapy.core.scraper] DEBUG: Scraped from <200 https://call2.tgju.org/ajax.json?rev=Yt2ebnCSHS0J1dKrN7wGxtpR3g9t28WVgweDXFYgrGTcBEbsXyxKgBnDEcHq>
{'coin': '2,194,800,000',
 'gold_18k': '218,925,000',
 'ons_gold': '4,435.15',
 'silver': '4,707,000',
 'timestamp': '2026-08-31  13:20:03'}
2026-08-31 13:20:03 [scrapy.core.engine] INFO: Closing spider (finished)
2026-08-31 13:20:03 [scrapy.statscollectors] INFO: Dumping Scrapy stats:
{'downloader/request_bytes': 514,
 'downloader/request_count': 2,
 'downloader/request_method_count/GET': 2,
 'downloader/response_bytes': 25732,
 'downloader/response_count': 2,
 'downloader/response_status_count/200': 1,
 'downloader/response_status_count/404': 1,
 'elapsed_time_seconds': 1.6461884139998801,
 'finish_reason': 'finished',
 'finish_time': datetime.datetime(2026, 8, 31, 9, 50, 3, 859360, tzinfo=datetime.timezone.utc),
 'httpcompression/response_bytes': 148219,
 'httpcompression/response_count': 2,
 'item_scraped_count': 1,
 'items_per_minute': 60.0,
 'log_count/DEBUG': 5,
 'log_count/INFO': 3,
 'memusage/max': 71561216,
 'memusage/startup': 71561216,
 'response_received_count': 2,
 'responses_per_minute': 120.0,
 'robotstxt/request_count': 1,
 'robotstxt/response_count': 1,
 'robotstxt/response_status_count/404': 1,
 'scheduler/dequeued': 1,
 'scheduler/dequeued/memory': 1,
 'scheduler/enqueued': 1,
 'scheduler/enqueued/memory': 1,
 'start_time': datetime.datetime(2026, 8, 31, 9, 50, 2, 213173, tzinfo=datetime.timezone.utc)}
2026-08-31 13:20:03 [scrapy.core.engine] INFO: Spider closed (finished)
Running cleaning...
<class 'pandas.DataFrame'>
RangeIndex: 14 entries, 0 to 13
Data columns (total 5 columns):
 #   Column     Non-Null Count  Dtype
---  ------     --------------  -----
 0   timestamp  14 non-null     str  
 1   gold_18k   14 non-null     str  
 2   ons_gold   14 non-null     str  
 3   silver     14 non-null     str  
 4   coin       14 non-null     str  
dtypes: str(5)
memory usage: 692.0 bytes
              timestamp     gold_18k  ons_gold     silver           coin
0  2026-08-29  11:08:52  217,464,000  4,454.08  4,598,700  2,160,100,000
1  2026-08-29  11:23:32  217,464,000  4,454.08  4,598,700  2,160,100,000
2  2026-08-29  11:43:33  217,464,000  4,454.08  4,598,700  2,160,100,000
3  2026-08-29  12:10:12  218,720,000  4,454.08  4,541,900  2,170,050,000
4  2026-08-29  12:49:05  218,720,000  4,454.08  4,541,900  2,170,050,000
<class 'pandas.DataFrame'>
RangeIndex: 14 entries, 0 to 13
Data columns (total 5 columns):
 #   Column     Non-Null Count  Dtype  
---  ------     --------------  -----  
 0   timestamp  14 non-null     str    
 1   gold_18k   14 non-null     str    
 2   ons_gold   14 non-null     float64
 3   silver     14 non-null     str    
 4   coin       14 non-null     str    
dtypes: float64(1), str(4)
memory usage: 692.0 bytes
None
<class 'pandas.DataFrame'>
RangeIndex: 14 entries, 0 to 13
Data columns (total 5 columns):
 #   Column     Non-Null Count  Dtype  
---  ------     --------------  -----  
 0   timestamp  14 non-null     str    
 1   gold_18k   14 non-null     str    
 2   ons_gold   14 non-null     float64
 3   silver     14 non-null     int64  
 4   coin       14 non-null     str    
dtypes: float64(1), int64(1), str(3)
memory usage: 692.0 bytes
None
<class 'pandas.DataFrame'>
RangeIndex: 14 entries, 0 to 13
Data columns (total 5 columns):
 #   Column     Non-Null Count  Dtype  
---  ------     --------------  -----  
 0   timestamp  14 non-null     str    
 1   gold_18k   14 non-null     str    
 2   ons_gold   14 non-null     float64
 3   silver     14 non-null     int64  
 4   coin       14 non-null     int64  
dtypes: float64(1), int64(2), str(2)
memory usage: 692.0 bytes
None
<class 'pandas.DataFrame'>
RangeIndex: 14 entries, 0 to 13
Data columns (total 5 columns):
 #   Column     Non-Null Count  Dtype  
---  ------     --------------  -----  
 0   timestamp  14 non-null     str    
 1   gold_18k   14 non-null     int64  
 2   ons_gold   14 non-null     float64
 3   silver     14 non-null     int64  
 4   coin       14 non-null     int64  
dtypes: float64(1), int64(3), str(1)
memory usage: 692.0 bytes
None
<class 'pandas.DataFrame'>
RangeIndex: 14 entries, 0 to 13
Data columns (total 5 columns):
 #   Column     Non-Null Count  Dtype         
---  ------     --------------  -----         
 0   timestamp  14 non-null     datetime64[us]
 1   gold_18k   14 non-null     int64         
 2   ons_gold   14 non-null     float64       
 3   silver     14 non-null     int64         
 4   coin       14 non-null     int64         
dtypes: datetime64[us](1), float64(1), int64(3)
memory usage: 692.0 bytes
            timestamp   gold_18k  ons_gold   silver        coin
0 2026-08-29 11:08:52  217464000   4454.08  4598700  2160100000
1 2026-08-29 11:23:32  217464000   4454.08  4598700  2160100000
2 2026-08-29 11:43:33  217464000   4454.08  4598700  2160100000
3 2026-08-29 12:10:12  218720000   4454.08  4541900  2170050000
4 2026-08-29 12:49:05  218720000   4454.08  4541900  2170050000
DONE
2026-08-31 13:21:02 [scrapy.extensions.logstats] INFO: Crawled 0 pages (at 0 pages/min), scraped 0 items (at 0 items/min)
2026-08-31 13:22:02 [scrapy.extensions.logstats] INFO: Crawled 0 pages (at 0 pages/min), scraped 0 items (at 0 items/min)
2026-08-31 13:22:18 [scrapy.downloadermiddlewares.retry] DEBUG: Retrying <GET https://call2.tgju.org/ajax.json?rev=Yt2ebnCSHS0J1dKrN7wGxtpR3g9t28WVgweDXFYgrGTcBEbsXyxKgBnDEcHq> (failed 2 times): Getting https://call2.tgju.org/ajax.json?rev=Yt2ebnCSHS0J1dKrN7wGxtpR3g9t28WVgweDXFYgrGTcBEbsXyxKgBnDEcHq took longer than 180.0 seconds.
2026-08-31 13:23:02 [scrapy.extensions.logstats] INFO: Crawled 0 pages (at 0 pages/min), scraped 0 items (at 0 items/min)
2026-08-31 13:24:02 [scrapy.extensions.logstats] INFO: Crawled 0 pages (at 0 pages/min), scraped 0 items (at 0 items/min)
2026-08-31 13:25:02 [scrapy.extensions.logstats] INFO: Crawled 0 pages (at 0 pages/min), scraped 0 items (at 0 items/min)
2026-08-31 13:25:18 [scrapy.downloadermiddlewares.retry] ERROR: Gave up retrying <GET https://call2.tgju.org/ajax.json?rev=Yt2ebnCSHS0J1dKrN7wGxtpR3g9t28WVgweDXFYgrGTcBEbsXyxKgBnDEcHq> (failed 3 times): Getting https://call2.tgju.org/ajax.json?rev=Yt2ebnCSHS0J1dKrN7wGxtpR3g9t28WVgweDXFYgrGTcBEbsXyxKgBnDEcHq took longer than 180.0 seconds.
2026-08-31 13:25:18 [scrapy.core.scraper] ERROR: Error downloading <GET https://call2.tgju.org/ajax.json?rev=Yt2ebnCSHS0J1dKrN7wGxtpR3g9t28WVgweDXFYgrGTcBEbsXyxKgBnDEcHq>
Traceback (most recent call last):
  File "/home/pc/Documents/web scrapy/web_scraper/.venv/lib/python3.13/site-packages/twisted/internet/defer.py", line 1834, in _inlineCallbacks
    result = context.run(
        cast(Failure, result).throwExceptionIntoGenerator, gen
    )
  File "/home/pc/Documents/web scrapy/web_scraper/.venv/lib/python3.13/site-packages/twisted/python/failure.py", line 467, in throwExceptionIntoGenerator
    return g.throw(self.value.with_traceback(self.tb))
           ~~~~~~~^^^^^^^^^^^^^^^^^^^^^^^^^^^^^^^^^^^^
  File "/home/pc/Documents/web scrapy/web_scraper/.venv/lib/python3.13/site-packages/scrapy/core/engine.py", line 497, in _download
    result = yield self.downloader.fetch(request)
             ^^^^^^^^^^^^^^^^^^^^^^^^^^^^^^^^^^^^
  File "/home/pc/Documents/web scrapy/web_scraper/.venv/lib/python3.13/site-packages/twisted/internet/defer.py", line 1834, in _inlineCallbacks
    result = context.run(
        cast(Failure, result).throwExceptionIntoGenerator, gen
    )
  File "/home/pc/Documents/web scrapy/web_scraper/.venv/lib/python3.13/site-packages/twisted/python/failure.py", line 467, in throwExceptionIntoGenerator
    return g.throw(self.value.with_traceback(self.tb))
           ~~~~~~~^^^^^^^^^^^^^^^^^^^^^^^^^^^^^^^^^^^^
  File "/home/pc/Documents/web scrapy/web_scraper/.venv/lib/python3.13/site-packages/scrapy/core/downloader/__init__.py", line 131, in fetch
    result: Response | Request = yield (
                                 ^^^^^^^
    ...<3 lines>...
    )
    ^
  File "/home/pc/Documents/web scrapy/web_scraper/.venv/lib/python3.13/site-packages/twisted/internet/defer.py", line 1247, in adapt
    extracted: _SelfResultT | Failure = result.result()
                                        ~~~~~~~~~~~~~^^
  File "/home/pc/Documents/web scrapy/web_scraper/.venv/lib/python3.13/site-packages/scrapy/core/downloader/middleware.py", line 87, in download_async
    result = await self._process_exception(ex, request)
             ^^^^^^^^^^^^^^^^^^^^^^^^^^^^^^^^^^^^^^^^^^
  File "/home/pc/Documents/web scrapy/web_scraper/.venv/lib/python3.13/site-packages/scrapy/core/downloader/middleware.py", line 156, in _process_exception
    raise exception
  File "/home/pc/Documents/web scrapy/web_scraper/.venv/lib/python3.13/site-packages/scrapy/core/downloader/middleware.py", line 80, in download_async
    result: Response | Request = await self._process_request(
                                 ^^^^^^^^^^^^^^^^^^^^^^^^^^^^
        request, download_func
        ^^^^^^^^^^^^^^^^^^^^^^
    )
    ^
  File "/home/pc/Documents/web scrapy/web_scraper/.venv/lib/python3.13/site-packages/scrapy/core/downloader/middleware.py", line 114, in _process_request
    return await download_func(request)
           ^^^^^^^^^^^^^^^^^^^^^^^^^^^^
  File "/home/pc/Documents/web scrapy/web_scraper/.venv/lib/python3.13/site-packages/scrapy/core/downloader/__init__.py", line 191, in _enqueue_request
    return await maybe_deferred_to_future(d)  # fired in _wait_for_download()
           ^^^^^^^^^^^^^^^^^^^^^^^^^^^^^^^^^
  File "/home/pc/Documents/web scrapy/web_scraper/.venv/lib/python3.13/site-packages/scrapy/core/downloader/__init__.py", line 258, in _wait_for_download
    response = await self._download(slot, request)
               ^^^^^^^^^^^^^^^^^^^^^^^^^^^^^^^^^^^
  File "/home/pc/Documents/web scrapy/web_scraper/.venv/lib/python3.13/site-packages/scrapy/core/downloader/__init__.py", line 228, in _download
    response: Response = await self.handlers.download_request_async(request)
                         ^^^^^^^^^^^^^^^^^^^^^^^^^^^^^^^^^^^^^^^^^^^^^^^^^^^
  File "/home/pc/Documents/web scrapy/web_scraper/.venv/lib/python3.13/site-packages/scrapy/core/downloader/handlers/__init__.py", line 156, in download_request_async
    return await handler.download_request(request)
           ^^^^^^^^^^^^^^^^^^^^^^^^^^^^^^^^^^^^^^^
  File "/home/pc/Documents/web scrapy/web_scraper/.venv/lib/python3.13/site-packages/scrapy/core/downloader/handlers/http11.py", line 130, in download_request
    return await maybe_deferred_to_future(agent.download_request(request))
           ^^^^^^^^^^^^^^^^^^^^^^^^^^^^^^^^^^^^^^^^^^^^^^^^^^^^^^^^^^^^^^^
  File "/home/pc/Documents/web scrapy/web_scraper/.venv/lib/python3.13/site-packages/twisted/internet/defer.py", line 1082, in _runCallbacks
    current.result = callback(  # type: ignore[misc]
                     ~~~~~~~~^^^^^^^^^^^^^^^^^^^^^^^
        current.result, *args, **kwargs
        ^^^^^^^^^^^^^^^^^^^^^^^^^^^^^^^
    )
    ^
  File "/home/pc/Documents/web scrapy/web_scraper/.venv/lib/python3.13/site-packages/scrapy/core/downloader/handlers/http11.py", line 494, in _cb_timeout
    raise DownloadTimeoutError(f"Getting {url} took longer than {timeout} seconds.")
scrapy.exceptions.DownloadTimeoutError: Getting https://call2.tgju.org/ajax.json?rev=Yt2ebnCSHS0J1dKrN7wGxtpR3g9t28WVgweDXFYgrGTcBEbsXyxKgBnDEcHq took longer than 180.0 seconds.
2026-08-31 13:25:18 [scrapy.core.engine] INFO: Closing spider (finished)
2026-08-31 13:25:18 [scrapy.statscollectors] INFO: Dumping Scrapy stats:
{'downloader/exception_count': 6,
 'downloader/exception_type_count/scrapy.exceptions.DownloadFailedError': 1,
 'downloader/exception_type_count/scrapy.exceptions.DownloadTimeoutError': 5,
 'downloader/request_bytes': 1542,
 'downloader/request_count': 6,
 'downloader/request_method_count/GET': 6,
 'elapsed_time_seconds': 916.8366608830001,
 'finish_reason': 'finished',
 'finish_time': datetime.datetime(2026, 8, 31, 9, 55, 18, 980932, tzinfo=datetime.timezone.utc),
 'items_per_minute': 0.0,
 'log_count/DEBUG': 4,
 'log_count/ERROR': 4,
 'log_count/INFO': 18,
 'memusage/max': 73080832,
 'memusage/startup': 71528448,
 'responses_per_minute': 0.0,
 'retry/count': 4,
 'retry/max_reached': 2,
 'retry/reason_count/scrapy.exceptions.DownloadFailedError': 1,
 'retry/reason_count/scrapy.exceptions.DownloadTimeoutError': 3,
 "robotstxt/exception_count/<class 'scrapy.exceptions.DownloadTimeoutError'>": 1,
 'robotstxt/request_count': 1,
 'scheduler/dequeued': 3,
 'scheduler/dequeued/memory': 3,
 'scheduler/enqueued': 3,
 'scheduler/enqueued/memory': 3,
 'start_time': datetime.datetime(2026, 8, 31, 9, 40, 2, 144274, tzinfo=datetime.timezone.utc)}
2026-08-31 13:25:18 [scrapy.core.engine] INFO: Spider closed (finished)
Running cleaning...
<class 'pandas.DataFrame'>
RangeIndex: 14 entries, 0 to 13
Data columns (total 5 columns):
 #   Column     Non-Null Count  Dtype
---  ------     --------------  -----
 0   timestamp  14 non-null     str  
 1   gold_18k   14 non-null     str  
 2   ons_gold   14 non-null     str  
 3   silver     14 non-null     str  
 4   coin       14 non-null     str  
dtypes: str(5)
memory usage: 692.0 bytes
              timestamp     gold_18k  ons_gold     silver           coin
0  2026-08-29  11:08:52  217,464,000  4,454.08  4,598,700  2,160,100,000
1  2026-08-29  11:23:32  217,464,000  4,454.08  4,598,700  2,160,100,000
2  2026-08-29  11:43:33  217,464,000  4,454.08  4,598,700  2,160,100,000
3  2026-08-29  12:10:12  218,720,000  4,454.08  4,541,900  2,170,050,000
4  2026-08-29  12:49:05  218,720,000  4,454.08  4,541,900  2,170,050,000
<class 'pandas.DataFrame'>
RangeIndex: 14 entries, 0 to 13
Data columns (total 5 columns):
 #   Column     Non-Null Count  Dtype  
---  ------     --------------  -----  
 0   timestamp  14 non-null     str    
 1   gold_18k   14 non-null     str    
 2   ons_gold   14 non-null     float64
 3   silver     14 non-null     str    
 4   coin       14 non-null     str    
dtypes: float64(1), str(4)
memory usage: 692.0 bytes
None
<class 'pandas.DataFrame'>
RangeIndex: 14 entries, 0 to 13
Data columns (total 5 columns):
 #   Column     Non-Null Count  Dtype  
---  ------     --------------  -----  
 0   timestamp  14 non-null     str    
 1   gold_18k   14 non-null     str    
 2   ons_gold   14 non-null     float64
 3   silver     14 non-null     int64  
 4   coin       14 non-null     str    
dtypes: float64(1), int64(1), str(3)
memory usage: 692.0 bytes
None
<class 'pandas.DataFrame'>
RangeIndex: 14 entries, 0 to 13
Data columns (total 5 columns):
 #   Column     Non-Null Count  Dtype  
---  ------     --------------  -----  
 0   timestamp  14 non-null     str    
 1   gold_18k   14 non-null     str    
 2   ons_gold   14 non-null     float64
 3   silver     14 non-null     int64  
 4   coin       14 non-null     int64  
dtypes: float64(1), int64(2), str(2)
memory usage: 692.0 bytes
None
<class 'pandas.DataFrame'>
RangeIndex: 14 entries, 0 to 13
Data columns (total 5 columns):
 #   Column     Non-Null Count  Dtype  
---  ------     --------------  -----  
 0   timestamp  14 non-null     str    
 1   gold_18k   14 non-null     int64  
 2   ons_gold   14 non-null     float64
 3   silver     14 non-null     int64  
 4   coin       14 non-null     int64  
dtypes: float64(1), int64(3), str(1)
memory usage: 692.0 bytes
None
<class 'pandas.DataFrame'>
RangeIndex: 14 entries, 0 to 13
Data columns (total 5 columns):
 #   Column     Non-Null Count  Dtype         
---  ------     --------------  -----         
 0   timestamp  14 non-null     datetime64[us]
 1   gold_18k   14 non-null     int64         
 2   ons_gold   14 non-null     float64       
 3   silver     14 non-null     int64         
 4   coin       14 non-null     int64         
dtypes: datetime64[us](1), float64(1), int64(3)
memory usage: 692.0 bytes
            timestamp   gold_18k  ons_gold   silver        coin
0 2026-08-29 11:08:52  217464000   4454.08  4598700  2160100000
1 2026-08-29 11:23:32  217464000   4454.08  4598700  2160100000
2 2026-08-29 11:43:33  217464000   4454.08  4598700  2160100000
3 2026-08-29 12:10:12  218720000   4454.08  4541900  2170050000
4 2026-08-29 12:49:05  218720000   4454.08  4541900  2170050000
DONE
Running Scrapy...
2026-08-31 13:30:02 [scrapy.utils.log] INFO: Scrapy 2.17.0 started (bot: web_scraper)
2026-08-31 13:30:02 [scrapy.utils.log] INFO: Versions:
{'lxml': '6.1.1',
 'libxml2': '2.14.6',
 'cssselect': '1.5.0',
 'parsel': '1.11.0',
 'w3lib': '2.4.1',
 'Twisted': '26.4.0',
 'Python': '3.13.7 (main, Mar  3 2026, 12:19:54) [GCC 15.2.0]',
 'pyOpenSSL': '26.4.0 (OpenSSL 4.0.1 9 Jun 2026)',
 'cryptography': '50.0.0',
 'Platform': 'Linux-6.17.0-41-generic-x86_64-with-glibc2.42'}
2026-08-31 13:30:02 [scrapy.crawler] DEBUG: Using AsyncCrawlerProcess
2026-08-31 13:30:02 [asyncio] DEBUG: Using selector: EpollSelector
2026-08-31 13:30:02 [scrapy.addons] INFO: Enabled addons:
[]
2026-08-31 13:30:02 [scrapy.utils.log] DEBUG: Using reactor: twisted.internet.asyncioreactor.AsyncioSelectorReactor
2026-08-31 13:30:02 [scrapy.utils.log] DEBUG: Using asyncio event loop: asyncio.unix_events._UnixSelectorEventLoop
2026-08-31 13:30:02 [scrapy.extensions.telnet] INFO: Telnet Password: 87b0befaebd3b3fe
2026-08-31 13:30:02 [scrapy.middleware] INFO: Enabled extensions:
['scrapy.extensions.corestats.CoreStats',
 'scrapy.extensions.logcount.LogCount',
 'scrapy.extensions.telnet.TelnetConsole',
 'scrapy.extensions.memusage.MemoryUsage',
 'scrapy.extensions.logstats.LogStats']
2026-08-31 13:30:02 [scrapy.crawler] INFO: Overridden settings:
{'BOT_NAME': 'web_scraper',
 'CONCURRENT_REQUESTS_PER_DOMAIN': 1,
 'DOWNLOAD_DELAY': 1,
 'FEED_EXPORT_ENCODING': 'utf-8',
 'NEWSPIDER_MODULE': 'web_scraper.spiders',
 'ROBOTSTXT_OBEY': True,
 'SPIDER_MODULES': ['web_scraper.spiders']}
2026-08-31 13:30:02 [scrapy.middleware] INFO: Enabled downloader middlewares:
['scrapy.downloadermiddlewares.offsite.OffsiteMiddleware',
 'scrapy.downloadermiddlewares.robotstxt.RobotsTxtMiddleware',
 'scrapy.downloadermiddlewares.httpauth.HttpAuthMiddleware',
 'scrapy.downloadermiddlewares.downloadtimeout.DownloadTimeoutMiddleware',
 'scrapy.downloadermiddlewares.defaultheaders.DefaultHeadersMiddleware',
 'scrapy.downloadermiddlewares.useragent.UserAgentMiddleware',
 'scrapy.downloadermiddlewares.retry.RetryMiddleware',
 'scrapy.downloadermiddlewares.redirect.MetaRefreshMiddleware',
 'scrapy.downloadermiddlewares.httpcompression.HttpCompressionMiddleware',
 'scrapy.downloadermiddlewares.redirect.RedirectMiddleware',
 'scrapy.downloadermiddlewares.cookies.CookiesMiddleware',
 'scrapy.downloadermiddlewares.httpproxy.HttpProxyMiddleware',
 'scrapy.downloadermiddlewares.stats.DownloaderStats']
2026-08-31 13:30:02 [scrapy.middleware] INFO: Enabled spider middlewares:
['scrapy.spidermiddlewares.start.StartSpiderMiddleware',
 'scrapy.spidermiddlewares.httperror.HttpErrorMiddleware',
 'scrapy.spidermiddlewares.referer.RefererMiddleware',
 'scrapy.spidermiddlewares.urllength.UrlLengthMiddleware',
 'scrapy.spidermiddlewares.depth.DepthMiddleware']
2026-08-31 13:30:02 [scrapy.middleware] INFO: Enabled item pipelines:
['web_scraper.pipelines.WebScraperPipeline']
2026-08-31 13:30:02 [py.warnings] WARNING: /home/pc/Documents/web scrapy/web_scraper/.venv/lib/python3.13/site-packages/scrapy/pipelines/__init__.py:43: ScrapyDeprecationWarning: WebScraperPipeline.open_spider() requires a spider argument, this is deprecated and the argument will not be passed in future Scrapy versions. If you need to access the spider instance you can save the crawler instance passed to from_crawler() and use its spider attribute.
  self._check_mw_method_spider_arg(mw.open_spider)

2026-08-31 13:30:02 [py.warnings] WARNING: /home/pc/Documents/web scrapy/web_scraper/.venv/lib/python3.13/site-packages/scrapy/pipelines/__init__.py:46: ScrapyDeprecationWarning: WebScraperPipeline.close_spider() requires a spider argument, this is deprecated and the argument will not be passed in future Scrapy versions. If you need to access the spider instance you can save the crawler instance passed to from_crawler() and use its spider attribute.
  self._check_mw_method_spider_arg(mw.close_spider)

2026-08-31 13:30:02 [py.warnings] WARNING: /home/pc/Documents/web scrapy/web_scraper/.venv/lib/python3.13/site-packages/scrapy/pipelines/__init__.py:49: ScrapyDeprecationWarning: WebScraperPipeline.process_item() requires a spider argument, this is deprecated and the argument will not be passed in future Scrapy versions. If you need to access the spider instance you can save the crawler instance passed to from_crawler() and use its spider attribute.
  self._check_mw_method_spider_arg(mw.process_item)

2026-08-31 13:30:02 [scrapy.core.engine] INFO: Spider opened
2026-08-31 13:30:02 [scrapy.extensions.logstats] INFO: Crawled 0 pages (at 0 pages/min), scraped 0 items (at 0 items/min)
2026-08-31 13:30:02 [scrapy.extensions.telnet] INFO: Telnet console listening on 127.0.0.1:6023
2026-08-31 13:30:03 [scrapy.core.engine] DEBUG: Crawled (404) <GET https://call2.tgju.org/robots.txt> (referer: None)
2026-08-31 13:30:03 [protego._protego] DEBUG: Rule at line 2 without any user agent to enforce it on.
2026-08-31 13:30:03 [protego._protego] DEBUG: Rule at line 6 without any user agent to enforce it on.
2026-08-31 13:30:04 [scrapy.core.engine] DEBUG: Crawled (200) <GET https://call2.tgju.org/ajax.json?rev=Yt2ebnCSHS0J1dKrN7wGxtpR3g9t28WVgweDXFYgrGTcBEbsXyxKgBnDEcHq> (referer: None)
2026-08-31 13:30:04 [scrapy.core.scraper] DEBUG: Scraped from <200 https://call2.tgju.org/ajax.json?rev=Yt2ebnCSHS0J1dKrN7wGxtpR3g9t28WVgweDXFYgrGTcBEbsXyxKgBnDEcHq>
{'coin': '2,194,850,000',
 'gold_18k': '220,125,000',
 'ons_gold': '4,443.31',
 'silver': '4,701,700',
 'timestamp': '2026-08-31  13:30:04'}
2026-08-31 13:30:04 [scrapy.core.engine] INFO: Closing spider (finished)
2026-08-31 13:30:04 [scrapy.statscollectors] INFO: Dumping Scrapy stats:
{'downloader/request_bytes': 514,
 'downloader/request_count': 2,
 'downloader/request_method_count/GET': 2,
 'downloader/response_bytes': 26331,
 'downloader/response_count': 2,
 'downloader/response_status_count/200': 1,
 'downloader/response_status_count/404': 1,
 'elapsed_time_seconds': 1.8083472429998437,
 'finish_reason': 'finished',
 'finish_time': datetime.datetime(2026, 8, 31, 10, 0, 4, 349177, tzinfo=datetime.timezone.utc),
 'httpcompression/response_bytes': 148608,
 'httpcompression/response_count': 2,
 'item_scraped_count': 1,
 'items_per_minute': 60.0,
 'log_count/DEBUG': 5,
 'log_count/INFO': 3,
 'memusage/max': 71688192,
 'memusage/startup': 71688192,
 'response_received_count': 2,
 'responses_per_minute': 120.0,
 'robotstxt/request_count': 1,
 'robotstxt/response_count': 1,
 'robotstxt/response_status_count/404': 1,
 'scheduler/dequeued': 1,
 'scheduler/dequeued/memory': 1,
 'scheduler/enqueued': 1,
 'scheduler/enqueued/memory': 1,
 'start_time': datetime.datetime(2026, 8, 31, 10, 0, 2, 540833, tzinfo=datetime.timezone.utc)}
2026-08-31 13:30:04 [scrapy.core.engine] INFO: Spider closed (finished)
Running cleaning...
<class 'pandas.DataFrame'>
RangeIndex: 15 entries, 0 to 14
Data columns (total 5 columns):
 #   Column     Non-Null Count  Dtype
---  ------     --------------  -----
 0   timestamp  15 non-null     str  
 1   gold_18k   15 non-null     str  
 2   ons_gold   15 non-null     str  
 3   silver     15 non-null     str  
 4   coin       15 non-null     str  
dtypes: str(5)
memory usage: 732.0 bytes
              timestamp     gold_18k  ons_gold     silver           coin
0  2026-08-29  11:08:52  217,464,000  4,454.08  4,598,700  2,160,100,000
1  2026-08-29  11:23:32  217,464,000  4,454.08  4,598,700  2,160,100,000
2  2026-08-29  11:43:33  217,464,000  4,454.08  4,598,700  2,160,100,000
3  2026-08-29  12:10:12  218,720,000  4,454.08  4,541,900  2,170,050,000
4  2026-08-29  12:49:05  218,720,000  4,454.08  4,541,900  2,170,050,000
<class 'pandas.DataFrame'>
RangeIndex: 15 entries, 0 to 14
Data columns (total 5 columns):
 #   Column     Non-Null Count  Dtype  
---  ------     --------------  -----  
 0   timestamp  15 non-null     str    
 1   gold_18k   15 non-null     str    
 2   ons_gold   15 non-null     float64
 3   silver     15 non-null     str    
 4   coin       15 non-null     str    
dtypes: float64(1), str(4)
memory usage: 732.0 bytes
None
<class 'pandas.DataFrame'>
RangeIndex: 15 entries, 0 to 14
Data columns (total 5 columns):
 #   Column     Non-Null Count  Dtype  
---  ------     --------------  -----  
 0   timestamp  15 non-null     str    
 1   gold_18k   15 non-null     str    
 2   ons_gold   15 non-null     float64
 3   silver     15 non-null     int64  
 4   coin       15 non-null     str    
dtypes: float64(1), int64(1), str(3)
memory usage: 732.0 bytes
None
<class 'pandas.DataFrame'>
RangeIndex: 15 entries, 0 to 14
Data columns (total 5 columns):
 #   Column     Non-Null Count  Dtype  
---  ------     --------------  -----  
 0   timestamp  15 non-null     str    
 1   gold_18k   15 non-null     str    
 2   ons_gold   15 non-null     float64
 3   silver     15 non-null     int64  
 4   coin       15 non-null     int64  
dtypes: float64(1), int64(2), str(2)
memory usage: 732.0 bytes
None
<class 'pandas.DataFrame'>
RangeIndex: 15 entries, 0 to 14
Data columns (total 5 columns):
 #   Column     Non-Null Count  Dtype  
---  ------     --------------  -----  
 0   timestamp  15 non-null     str    
 1   gold_18k   15 non-null     int64  
 2   ons_gold   15 non-null     float64
 3   silver     15 non-null     int64  
 4   coin       15 non-null     int64  
dtypes: float64(1), int64(3), str(1)
memory usage: 732.0 bytes
None
<class 'pandas.DataFrame'>
RangeIndex: 15 entries, 0 to 14
Data columns (total 5 columns):
 #   Column     Non-Null Count  Dtype         
---  ------     --------------  -----         
 0   timestamp  15 non-null     datetime64[us]
 1   gold_18k   15 non-null     int64         
 2   ons_gold   15 non-null     float64       
 3   silver     15 non-null     int64         
 4   coin       15 non-null     int64         
dtypes: datetime64[us](1), float64(1), int64(3)
memory usage: 732.0 bytes
            timestamp   gold_18k  ons_gold   silver        coin
0 2026-08-29 11:08:52  217464000   4454.08  4598700  2160100000
1 2026-08-29 11:23:32  217464000   4454.08  4598700  2160100000
2 2026-08-29 11:43:33  217464000   4454.08  4598700  2160100000
3 2026-08-29 12:10:12  218720000   4454.08  4541900  2170050000
4 2026-08-29 12:49:05  218720000   4454.08  4541900  2170050000
DONE
